Apartment Nieuwezijds Voorburgwal,1012 RT Amsterdam (Burgwallen-Nieuwe Zijde),5000,180,4,Furnished
Apartment Frederiksplein 40 B,1017 XN Amsterdam (De Weteringschans),3400,125,3,Upholstered
Apartment George Gershwinlaan,1082 MT Amsterdam (Zuidas),3000,126,3,Upholstered
Apartment Ruyschstraat 31 A,1091 BS Amsterdam (Weesperzijde),3450,150,4,Furnished
Apartment Bezaanjachtplein,1034 CR Amsterdam (Banne Buiksloot),1500,50,2,Furnished
Apartment August Allebéplein 171,1062 AB Amsterdam (Overtoomse Veld),1450,59,3,Upholstered
Apartment August Allebéplein 187,1062 AB Amsterdam (Overtoomse Veld),1425,53,3,Upholstered
Apartment August Allebéplein 165,1062 AB Amsterdam (Overtoomse Veld),1450,59,3,Upholstered
Apartment August Allebéplein 111,1062 AB Amsterdam (Overtoomse Veld),1450,59,3,Upholstered
Apartment August Allebéplein 119,1062 AB Amsterdam (Overtoomse Veld),1420,52,3,Upholstered
Apartment Krommertstraat,1056 TS Amsterdam (Geuzenbuurt),1350,60,2,Upholstered
Apartment Dirk Vreekenstraat 68,1019 GD Amsterdam (Oostelijk Havengebied),1700,86,4,None
Apartment Van Brakelstraat,1057 XC Amsterdam (Chassébuurt),2150,72,3,Furnished
Apartment Schubertstraat,1077 GS Amsterdam (Apollobuurt),2200,69,2,Upholstered
Apartment Alfred Döblinstraat,"1102 VM Amsterdam (Bijlmer Centrum (D,F,H))",1400,60,2,Furnished
Apartment Egelantiersstraat 85 2,1015 PX Amsterdam (Jordaan),1600,40,2,Furnished
Apartment Argonautenstraat,1076 KV Amsterdam (Stadionbuurt),3100,120,4,Upholstered
Apartment Eerste Van Swindenstraat,1093 GD Amsterdam (Dapperbuurt),1950,60,3,Furnished
Studio Pietersbergweg 207,1105 BM Amsterdam (Amstel III/Bullewijk),950,39,1,Upholstered
Apartment Stadionkade 23 I,1077 VL Amsterdam (Apollobuurt),4200,148,4,Furnished
Apartment Dintelstraat,1078 VR Amsterdam (Scheldebuurt),1800,77,3,Furnished
Apartment Veerstraat,1075 ST Amsterdam (Schinkelbuurt),2395,80,3,Furnished
Apartment Egelantiersgracht 97 II,1015 RE Amsterdam (Jordaan),1550,45,2,Furnished
Apartment Kleiburg 646,"1104 EA Amsterdam (Bijlmer Oost (E,G,K))",1450,61,2,Furnished
Apartment Cruquiusweg 101 D+P,1019 AG Amsterdam (Oostelijk Havengebied),2750,103,4,Furnished
Apartment Johan van Hasseltkade 234,1032 LP Amsterdam (Noordelijke IJ-oevers West),2850,153,4,Furnished
Apartment Haarlemmerweg 149 hs,1051 KX Amsterdam (Staatsliedenbuurt),1800,51,3,Furnished
Apartment Borssenburgplein 10 2,1078 TZ Amsterdam (IJselbuurt),2250,81,3,Upholstered or furnished
Apartment Rijnstraat,1078 PW Amsterdam (IJselbuurt),2725,72,4,None
Apartment Jan van Schaffelaarplantsoen 23 D,1061 DL Amsterdam (De Kolenkit),1750,59,3,Furnished
Apartment Beemsterstraat 132,1024 BG Amsterdam (Waterlandpleinbuurt),1500,65,3,Furnished
Apartment Noordermarkt 4 II,1015 MV Amsterdam (Jordaan),1775,68,3,Upholstered
Apartment Frederiksplein 40 B,1017 XN Amsterdam (De Weteringschans),3400,125,3,Upholstered
Apartment Nieuwezijds Voorburgwal,1012 RT Amsterdam (Burgwallen-Nieuwe Zijde),5000,180,4,Furnished
Apartment Van Spilbergenstraat 85 1,1057 RA Amsterdam (Hoofdweg e.o.),1650,50,3,Upholstered
House Sarphatikade,1017 WV Amsterdam (De Weteringschans),2500,75,3,Upholstered or furnished
Apartment Bataviastraat 73 C,1095 ER Amsterdam (Indische Buurt Oost),1600,50,2,Furnished
Apartment Marnixstraat,1016 TD Amsterdam (Jordaan),2450,80,3,Furnished
Apartment Spuistraat,1012 VW Amsterdam (Burgwallen-Nieuwe Zijde),2000,75,3,Furnished
Apartment Columbusplein 42 3,1057 VB Amsterdam (Hoofdweg e.o.),2500,106,4,Furnished
Apartment Swammerdamstraat 56 D,1091 RW Amsterdam (Weesperzijde),2500,113,4,None
Apartment H. Cleyndertweg,1025 DZ Amsterdam (Buikslotermeer),2750,130,4,None
Apartment Planciusstraat 19 C-5,1013 MD Amsterdam (Haarlemmerbuurt),1500,30,2,Furnished
House Prinsengracht 716,1017 LB Amsterdam (De Weteringschans),12500,355,10,Furnished
Apartment Jacques Veltmanstraat 181,1065 DB Amsterdam (Slotervaart Zuid),1950,80,3,Furnished
Apartment Javastraat 56 1,1094 HK Amsterdam (Indische Buurt West),1700,58,3,None
Apartment Prinsengracht,1015 DT Amsterdam (Grachtengordel-West),2250,70,2,Furnished
Apartment Henkenshage 19,1083 BX Amsterdam (Buitenveldert-Oost),1950,83,3,Upholstered
Apartment John Blankensteinstraat 59 Bg,1095 MB Amsterdam (Zeeburgereiland/Nieuwe Diep),1450,65,2,Upholstered or furnished
Apartment Bilderdijkstraat 33 2,1052 NA Amsterdam (Da Costabuurt),1750,55,3,Furnished
Apartment Hudsonstraat,1057 SE Amsterdam (Hoofdweg e.o.),1725,50,3,Furnished
Apartment Parnassusweg 14 hs,1076 AN Amsterdam (Stadionbuurt),3250,105,4,Furnished
Apartment Wethouder Frankeweg 3 1,1098 KV Amsterdam (Middenmeer),1950,70,3,Furnished
Apartment Hemonystraat 1 2,1074 BK Amsterdam (Oude Pijp),3150,110,4,Upholstered
Apartment Tuigerstraat,1033 PH Amsterdam (Tuindorp Oostzaan),1495,50,2,Furnished
Apartment Valeriusstraat,1071 MN Amsterdam (Museumkwartier),2450,72,3,Furnished
Apartment Prinsengracht,1017 KJ Amsterdam (De Weteringschans),2150,87,2,Furnished
Apartment Leidsekade 59 A,1016 CX Amsterdam (Jordaan),1850,64,2,Upholstered
Apartment Wanningstraat 12 A,1071 LB Amsterdam (Museumkwartier),2950,120,3,Furnished
Apartment Watertorenplein 2 B,1051 PA Amsterdam (Centrale Markt),3000,110,3,Upholstered or furnished
Apartment Pretoriusstraat 91 1,1092 GD Amsterdam (Transvaalbuurt),1650,67,3,Furnished
Apartment Emmy Andriessestraat,1087 NE Amsterdam (IJburg Zuid),1784,114,3,None
Apartment Merlijnstraat,1055 DC Amsterdam (Erasmuspark),2650,90,5,Upholstered
Apartment Ceramplein,1095 DE Amsterdam (Indische Buurt Oost),2400,80,4,Upholstered
Apartment Frederiksplein 40 B,1017 XN Amsterdam (De Weteringschans),3400,125,3,Upholstered
Apartment Nieuwezijds Voorburgwal,1012 RT Amsterdam (Burgwallen-Nieuwe Zijde),5000,180,4,Furnished
Apartment Solitudolaan 216,1096 DS Amsterdam (Omval/Overamstel),3950,126,4,Upholstered
Apartment Rustenburgerstraat 303 1,1073 GE Amsterdam (Nieuwe Pijp),2100,50,3,Furnished
Apartment Lijnbaansgracht 320 hs,1017 WZ Amsterdam (De Weteringschans),2000,75,2,Upholstered or furnished
Apartment Egelantiersgracht 336,1015 RR Amsterdam (Jordaan),1975,57,2,Furnished
Apartment Noorderdwarsstraat 10,1017 TX Amsterdam (De Weteringschans),2750,78,3,Furnished
Apartment Kleiburg,"1104 EA Amsterdam (Bijlmer Oost (E,G,K))",1650,100,4,None
Apartment Planciusstraat 19,1013 MD Amsterdam (Haarlemmerbuurt),1450,30,1,Furnished
Apartment Luzacstraat,1051 JB Amsterdam (Staatsliedenbuurt),1850,55,3,Furnished
Apartment Venetiëhof,1019 NA Amsterdam (Oostelijk Havengebied),2150,100,4,Furnished
Apartment Arènpalmstraat,"1104 DB Amsterdam (Bijlmer Oost (E,G,K))",1250,35,2,Furnished
Apartment Boris Pasternakstraat 367,"1102 TD Amsterdam (Bijlmer Centrum (D,F,H))",1500,69,3,Upholstered
Apartment Haarlemmer Houttuinen,1013 GM Amsterdam (Haarlemmerbuurt),1850,67,3,Upholstered
Apartment Sterkenburg,1083 VH Amsterdam (Buitenveldert-Oost),1800,65,3,Furnished
Apartment Eerste Laurierdwarsstraat,1016 PV Amsterdam (Jordaan),1800,40,2,Furnished
Apartment Singel 25,1012 VC Amsterdam (Burgwallen-Nieuwe Zijde),3250,120,3,Furnished
Apartment Gietersstraat,1015 HB Amsterdam (Jordaan),3500,100,2,Furnished
Apartment Jozef Israëlskade,1072 RV Amsterdam (Nieuwe Pijp),1850,60,2,Furnished
Apartment Tweede Van der Helststraat,1072 PD Amsterdam (Nieuwe Pijp),3000,100,3,Furnished
Apartment Elandsgracht,1016 TX Amsterdam (Jordaan),2300,65,2,Furnished
Apartment Prinsengracht 1113 1,1017 JJ Amsterdam (Grachtengordel-Zuid),1950,67,2,None
Apartment Prinsengracht 625 2,1016 HV Amsterdam (Grachtengordel-West),3250,120,4,Upholstered
Apartment Gerard Doustraat,1073 XB Amsterdam (Oude Pijp),1975,51,3,Upholstered
Apartment Joris van Andringastraat,1055 VZ Amsterdam (Landlust),1850,84,3,Furnished
Apartment Kolfschotenstraat,"1104 PC Amsterdam (Bijlmer Oost (E,G,K))",1600,75,3,Furnished
Apartment Klaroenstraat,"1104 HW Amsterdam (Bijlmer Oost (E,G,K))",1700,78,3,Furnished
Apartment Ten Katestraat,1053 CE Amsterdam (Kinkerbuurt),1850,50,2,Upholstered
Apartment Willemsparkweg,1071 GN Amsterdam (Museumkwartier),5750,185,6,Upholstered
House Nadezjda Mandelstamstraat,"1102 JH Amsterdam (Bijlmer Centrum (D,F,H))",2350,148,4,Furnished
Apartment Bijlmerdreef,"1103 TW Amsterdam (Bijlmer Oost (E,G,K))",1750,59,3,None
Apartment Brouwersgracht,1015 GC Amsterdam (Grachtengordel-West),1350,48,2,Furnished
Apartment Frederiksplein 40 B,1017 XN Amsterdam (De Weteringschans),3400,125,3,Upholstered
Apartment Nieuwezijds Voorburgwal,1012 RT Amsterdam (Burgwallen-Nieuwe Zijde),5000,180,4,Furnished
Apartment Lijnbaansgracht,1017 RL Amsterdam (De Weteringschans),2100,60,3,Upholstered
Apartment Pieter Calandlaan 917,1069 SC Amsterdam (Osdorp-Midden),1800,87,3,Furnished
Apartment Catharina Boudewijnshof 51,1064 PE Amsterdam (Slotermeer-Zuidwest),2500,125,4,Upholstered or furnished
Apartment Admiraal De Ruijterweg,1055 MJ Amsterdam (Landlust),3000,140,4,Upholstered or furnished
Apartment Gerrit van der Veenstraat,1077 EH Amsterdam (Apollobuurt),4600,127,5,Upholstered
Apartment Eerste Atjehstraat 25 1,1094 JZ Amsterdam (Indische Buurt West),1850,52,3,Upholstered
House Geerdinkhof 32,"1103 PP Amsterdam (Bijlmer Oost (E,G,K))",2500,150,5,Furnished
Apartment George Gershwinlaan 679,1082 MT Amsterdam (Zuidas),1688,75,3,Upholstered
Apartment Blasiusstraat,1091 CS Amsterdam (Weesperzijde),2600,137,5,Upholstered
Apartment De Lairessestraat 148 H,1075 HL Amsterdam (Willemspark),5900,270,5,None
Apartment Amstelveenseweg 605 C,1081 JD Amsterdam (Zuidas),2100,120,4,Upholstered or furnished
Apartment Kerkstraat 132 A,1017 GP Amsterdam (Grachtengordel-Zuid),4100,129,4,Upholstered
Apartment Ruyschstraat 93 H,1091 BX Amsterdam (Oosterparkbuurt),1950,62,3,Furnished
Apartment Marco Polostraat,1057 WR Amsterdam (Hoofdweg e.o.),1850,55,2,Furnished
Apartment Frans van Mierisstraat 24 2,1071 RT Amsterdam (Museumkwartier),2100,60,2,Furnished
Apartment Cornelis Anthoniszstraat 23 1,1071 VP Amsterdam (Museumkwartier),2000,68,2,Upholstered or furnished
Apartment Copernicusstraat 36 1,1098 JH Amsterdam (Middenmeer),2450,100,4,Upholstered
Apartment Keizersgracht 391 G,1016 EJ Amsterdam (Grachtengordel-West),2100,89,3,Upholstered
Apartment Stadionweg 275 3,1076 NZ Amsterdam (Stadionbuurt),2250,110,4,Upholstered or furnished
Apartment Fokke Simonszstraat 37 H,1017 TE Amsterdam (De Weteringschans),2250,78,3,Upholstered
Apartment Kerkstraat,1017 GG Amsterdam (Grachtengordel-Zuid),2000,70,3,Furnished
Apartment Waalstraat,1079 DR Amsterdam (Scheldebuurt),2150,75,3,Furnished
Apartment Wolbrantskerkweg,1069 DA Amsterdam (Osdorp-Midden),2600,92,5,Upholstered
Apartment Hortusplantsoen,1018 TZ Amsterdam (Weesperbuurt/Plantage),1750,50,2,Upholstered
House Achtergracht 32 hs,1017 WP Amsterdam (De Weteringschans),2250,80,3,Furnished
Apartment Eerste Nassaustraat 8 3,1052 BG Amsterdam (Staatsliedenbuurt),2650,100,4,Furnished
Apartment Bellamystraat 29 hs,1053 BG Amsterdam (Kinkerbuurt),3500,133,5,Upholstered or furnished
Apartment Uithoornstraat 30 C,1078 SZ Amsterdam (IJselbuurt),2200,95,3,Upholstered
Apartment Willemsparkweg,1071 HT Amsterdam (Museumkwartier),3950,120,4,Furnished
Apartment Bijlmerdreef 222,"1102 AB Amsterdam (Bijlmer Centrum (D,F,H))",1650,90,3,None
Apartment Frederiksplein 40 B,1017 XN Amsterdam (De Weteringschans),3400,125,3,Upholstered
Apartment Nieuwezijds Voorburgwal,1012 RT Amsterdam (Burgwallen-Nieuwe Zijde),5000,180,4,Furnished
Apartment Rustenburgerstraat,1072 HE Amsterdam (Nieuwe Pijp),2995,135,3,Furnished
Apartment Molenbeekstraat,1078 XB Amsterdam (Scheldebuurt),1900,75,3,Upholstered
Apartment Wijdesteeg,1012 RN Amsterdam (Burgwallen-Nieuwe Zijde),2000,55,2,Furnished
Apartment Johannes Worpstraat 49 2,1076 BG Amsterdam (Prinses Irenebuurt e.o.),1500,45,2,Furnished
Apartment Elisabeth Wolffstraat,1053 TR Amsterdam (Kinkerbuurt),2650,100,4,Upholstered
Apartment Ridderspoorweg 180,1032 LL Amsterdam (Noordelijke IJ-oevers West),2950,134,4,Upholstered
Apartment Borssenburgstraat,1078 VB Amsterdam (IJselbuurt),1495,35,1,Furnished
Apartment Van Eeghenstraat,1071 GK Amsterdam (Museumkwartier),3750,110,3,Furnished
Apartment Weesperzijde,1091 ER Amsterdam (Weesperzijde),2025,66,3,Upholstered
Apartment Boris Pasternakstraat,"1102 TD Amsterdam (Bijlmer Centrum (D,F,H))",1400,46,2,Furnished
Apartment Oudeschans 110,1011 LE Amsterdam (Nieuwmarkt/Lastage),1875,65,2,Upholstered or furnished
House Bloemgracht,1016 KE Amsterdam (Jordaan),5000,138,6,Furnished
Apartment John Franklinstraat 47 1,1056 SX Amsterdam (Van Galenbuurt),2250,98,4,Furnished
Apartment IJdok 51,1013 MM Amsterdam (Haarlemmerbuurt),4750,207,5,Upholstered
Apartment Amstel,1017 AD Amsterdam (Grachtengordel-Zuid),2750,75,3,Furnished
Apartment Van Breestraat,1071 ZH Amsterdam (Museumkwartier),2495,65,3,Furnished
Apartment Reyer Anslostraat 9 H,1054 KT Amsterdam (Overtoomse Sluis),3200,110,4,Upholstered
Apartment Pieter Aertszstraat,1073 SL Amsterdam (Nieuwe Pijp),1900,59,2,Upholstered
Apartment Blankenstraat,1018 RZ Amsterdam (Oostelijke Eilanden/Kadijken),1975,71,3,None
Apartment De Lairessestraat 172 D,1075 HM Amsterdam (Willemspark),3250,70,3,None
Apartment Keizersgracht,1016 DR Amsterdam (Grachtengordel-West),3000,130,2,Furnished
Apartment Keizersgracht,1016 DR Amsterdam (Grachtengordel-West),1900,85,2,Upholstered
Apartment Van Woustraat,1073 NB Amsterdam (Zuid Pijp),2350,70,3,Furnished
Apartment Saskia van Uijlenburgkade 63,1058 GA Amsterdam (Westlandgracht),3500,140,3,Furnished
Apartment Maassluisstraat,1062 GS Amsterdam (Westlandgracht),1500,41,1,Upholstered
Apartment James Cookstraat,1056 SB Amsterdam (Van Galenbuurt),1495,51,1,Furnished
Apartment Korte Leidsedwarsstraat 167 E,1017 RA Amsterdam (De Weteringschans),1550,40,2,Furnished
Apartment Jan Evertsenstraat,1061 XZ Amsterdam (Overtoomse Veld),1695,91,3,Upholstered
Apartment Keizersgracht,1016 EW Amsterdam (Grachtengordel-West),2200,90,2,Furnished
Apartment Minervalaan,1077 NL Amsterdam (Apollobuurt),4950,170,6,Upholstered
Apartment Frederiksplein 40 B,1017 XN Amsterdam (De Weteringschans),3400,125,3,Upholstered
Apartment Nieuwezijds Voorburgwal,1012 RT Amsterdam (Burgwallen-Nieuwe Zijde),5000,180,4,Furnished
Apartment Pieter Baststraat 11,1071 TV Amsterdam (Museumkwartier),1900,65,3,Upholstered
Apartment Van Nijenrodeweg 382,1082 HG Amsterdam (Buitenveldert-West),2200,87,3,None
Apartment Cliostraat,1077 KC Amsterdam (Apollobuurt),4000,165,5,Furnished
Apartment Jisperveldstraat 274,1024 AN Amsterdam (Waterlandpleinbuurt),1700,85,3,Furnished
Apartment Govert Flinckstraat,1073 BZ Amsterdam (Oude Pijp),2950,105,4,Upholstered
Apartment Nieuwegrachtje,1011 VP Amsterdam (Nieuwmarkt/Lastage),1600,51,2,Upholstered or furnished
Apartment Sausalitolaan 22,1031 KE Amsterdam (Noordelijke IJ-oevers West),1900,70,2,Upholstered
Apartment Keizersgracht,1017 DZ Amsterdam (Grachtengordel-Zuid),2500,85,3,Furnished
Apartment Bredeweg,1098 BN Amsterdam (Middenmeer),1450,75,2,Furnished
Apartment Linnaeushof,1098 KL Amsterdam (Middenmeer),3250,109,5,Upholstered
Apartment Westerdoksdijk 563,1013 BX Amsterdam (Haarlemmerbuurt),2500,115,3,Upholstered or furnished
Apartment Lucellestraat 7 2,1055 HS Amsterdam (Landlust),1450,51,3,Upholstered
Apartment Van Ostadestraat,1074 XB Amsterdam (Nieuwe Pijp),1825,55,2,Upholstered
Apartment Silodam,1013 AS Amsterdam (Houthavens),2250,83,2,Furnished
Apartment Hoogte Kadijk,1018 BE Amsterdam (Oostelijke Eilanden/Kadijken),2325,117,3,Upholstered
Apartment Admiraal De Ruijterweg,1055 MG Amsterdam (Landlust),1800,75,3,Furnished
Apartment Minervalaan 72 H,1077 PG Amsterdam (Apollobuurt),6000,131,3,Upholstered or furnished
Apartment Govert Flinckstraat,1072 EH Amsterdam (Oude Pijp),2450,55,3,Furnished
Apartment Leeuwenwerf,1018 KA Amsterdam (Oostelijke Eilanden/Kadijken),2450,104,4,None
Apartment IJburglaan 685,1087 BS Amsterdam (IJburg West),1695,129,3,Upholstered
Apartment Het Breed,1025 HV Amsterdam (Buikslotermeer),1850,110,3,Furnished
Apartment Slangenburg,1082 JV Amsterdam (Buitenveldert-West),2750,120,4,Furnished
Apartment Carolina MacGillavrylaan,1098 XA Amsterdam (Middenmeer),2500,90,3,Furnished
Apartment Frans van Mierisstraat 99 II,1071 RN Amsterdam (Museumkwartier),2100,75,2,Upholstered
Apartment Omval,1096 HW Amsterdam (Omval/Overamstel),2400,117,3,Furnished
Apartment President Kennedylaan,1079 NC Amsterdam (Rijnbuurt),2575,115,3,Furnished
Apartment Gouden Leeuw 247,"1103 KE Amsterdam (Bijlmer Oost (E,G,K))",1250,53,2,Furnished
Apartment Honthorststraat 14 2,1071 DE Amsterdam (Museumkwartier),3500,93,3,Upholstered
House Moestuinlaan,1036 KD Amsterdam (Tuindorp Oostzaan),4500,200,10,Upholstered or furnished
Apartment Dusartstraat,1072 HR Amsterdam (Oude Pijp),1350,54,2,Furnished
Apartment Frederiksplein 40 B,1017 XN Amsterdam (De Weteringschans),3400,125,3,Upholstered
Apartment Nieuwezijds Voorburgwal,1012 RT Amsterdam (Burgwallen-Nieuwe Zijde),5000,180,4,Furnished
Apartment Brouwersgracht 280 2,1013 HG Amsterdam (Haarlemmerbuurt),2300,80,3,Furnished
Apartment Anna Blamansingel 271,"1102 SX Amsterdam (Bijlmer Centrum (D,F,H))",1600,49,2,Furnished
Apartment H. Cleyndertweg 359,1025 DR Amsterdam (Buikslotermeer),1700,88,3,Upholstered or furnished
Apartment Jan Zijvertszstraat,1067 XH Amsterdam (Geuzenveld),1500,59,3,Upholstered
Apartment Eerste Atjehstraat,1094 KS Amsterdam (Indische Buurt West),1795,60,3,Furnished
Apartment Looiersgracht,1016 VT Amsterdam (Jordaan),2100,63,2,Furnished
Apartment Gaasterlandstraat,1079 RH Amsterdam (Scheldebuurt),3250,118,3,Furnished
Apartment Parnassusweg,1076 AS Amsterdam (Stadionbuurt),2250,100,4,Upholstered
Apartment Marnixkade 40 2,1015 XS Amsterdam (Jordaan),1950,57,3,Upholstered
Apartment Haparandaweg,1013 BD Amsterdam (Houthavens),2550,104,4,Upholstered
Apartment Langswater,1069 EC Amsterdam (De Punt),1650,62,3,Furnished
Apartment Van Ostadestraat,1072 TH Amsterdam (Nieuwe Pijp),2650,59,3,Upholstered
Apartment Van Speijkstraat 56 hs,1057 HD Amsterdam (Chassébuurt),1750,70,2,Furnished
Apartment Schelluinenstraat,1107 JG Amsterdam (Holendrecht/Reigersbos),1550,57,2,Furnished
Apartment Rustenburgerstraat 59 H,1074 ER Amsterdam (Nieuwe Pijp),2750,105,5,Upholstered
Apartment Oeverpad,1068 PH Amsterdam (Osdorp-Oost),2000,140,3,Furnished
Apartment Herengracht,1015 BT Amsterdam (Grachtengordel-West),2675,110,3,Furnished
Apartment Koninginneweg 225 HS,1075 CS Amsterdam (Willemspark),8500,225,7,Upholstered
Apartment Herengracht,1015 BH Amsterdam (Grachtengordel-West),2350,75,2,Furnished
Apartment Rooseveltlaan 8 2,1078 NH Amsterdam (Scheldebuurt),3250,145,4,Furnished
Apartment Vrijheidslaan,1079 KH Amsterdam (Rijnbuurt),2350,85,4,Upholstered
Apartment Sassenheimstraat 20 Hs,1059 BH Amsterdam (Hoofddorppleinbuurt),2600,81,3,Upholstered or furnished
Apartment De Lairessestraat,1071 PL Amsterdam (Museumkwartier),2350,86,2,Furnished
Apartment Valkenburgerstraat 190 PP,1011 NC Amsterdam (Nieuwmarkt/Lastage),2950,94,3,Furnished
Apartment Noordzijde,1064 ME Amsterdam (Slotermeer-Zuidwest),1950,65,2,Furnished
Apartment Harry Koningsbergerstraat,1063 AH Amsterdam (Slotermeer-Noordoost),1500,45,2,Furnished
Apartment Oudezijds Kolk,1012 AL Amsterdam (Burgwallen-Oude Zijde),2950,140,2,Furnished
Apartment Michelangelostraat 19 hs,1077 BP Amsterdam (Apollobuurt),4850,150,4,None
Apartment Sarphatistraat 209 2,1018 GJ Amsterdam (Weesperbuurt/Plantage),1845,65,3,Upholstered
Apartment Postjesweg 246,1061 AX Amsterdam (Overtoomse Veld),2700,140,4,Furnished
Apartment Frederiksplein 40 B,1017 XN Amsterdam (De Weteringschans),3400,125,3,Upholstered
Apartment Nieuwezijds Voorburgwal,1012 RT Amsterdam (Burgwallen-Nieuwe Zijde),5000,180,4,Furnished
Apartment Van Heenvlietlaan 414 2,1083 CS Amsterdam (Buitenveldert-Oost),2400,106,3,Furnished
Apartment Van Ostadestraat 202 ll,1073 TS Amsterdam (Nieuwe Pijp),1950,61,3,Upholstered
Apartment Valckenierstraat 1 HS,1018 XB Amsterdam (Weesperbuurt/Plantage),1900,80,3,Furnished
Apartment Churchill-laan,1078 EA Amsterdam (Scheldebuurt),2100,85,3,Upholstered
Apartment D.L. Hudigstraat,1019 JV Amsterdam (Oostelijk Havengebied),2750,137,4,Upholstered
Apartment Ruiseveenpad 94,1106 AN Amsterdam (Holendrecht/Reigersbos),1400,55,2,Furnished
Studio Heiligeweg,1012 XP Amsterdam (Burgwallen-Nieuwe Zijde),1550,40,1,Shell
Apartment Spuistraat 3 N,1012 SP Amsterdam (Burgwallen-Nieuwe Zijde),2100,45,2,Upholstered or furnished
Apartment Februariplein 4,1011 MT Amsterdam (Nieuwmarkt/Lastage),2750,95,3,Furnished
Apartment Moreelsestraat 37 huis,1071 BJ Amsterdam (Museumkwartier),6500,240,7,Upholstered
House Zocherstraat 23 P,1054 LR Amsterdam (Overtoomse Sluis),5250,146,5,Furnished
Apartment Pieter Lastmankade 30 C,1075 KK Amsterdam (Willemspark),7500,207,3,Upholstered
Apartment Vossiusstraat 49 1,1071 AK Amsterdam (Museumkwartier),2550,89,2,Upholstered
Apartment Céramiquelaan,1031 KG Amsterdam (Noordelijke IJ-oevers West),1950,70,2,Upholstered
Apartment Brouwersgracht,1013 GW Amsterdam (Haarlemmerbuurt),2100,60,3,Upholstered
Apartment Granidastraat,1055 HR Amsterdam (Landlust),2000,100,3,Furnished
Apartment Johannes Verhulststraat,1071 NE Amsterdam (Museumkwartier),1850,75,2,Furnished
Apartment Osdorper Ban,1069 GA Amsterdam (Osdorp-Midden),2350,120,4,Upholstered
Apartment Mr. P.N. Arntzeniusweg,1098 GP Amsterdam (Middenmeer),2500,105,5,Furnished
Apartment Koggestraat 11 2,1012 TA Amsterdam (Burgwallen-Nieuwe Zijde),2100,75,3,Furnished
Apartment Hugo de Grootkade 86 3,1052 LX Amsterdam (Frederik Hendrikbuurt),1650,50,2,Furnished
Studio Wamelstraat 92,1106 DM Amsterdam (Gein),1450,60,2,Upholstered
Apartment Prinsengracht,1015 DT Amsterdam (Grachtengordel-West),3500,100,3,Furnished
Apartment Jacob van Lennepkade,1054 ZS Amsterdam (Overtoomse Sluis),2100,85,3,Upholstered or furnished
Apartment Geldersekade,1011 EL Amsterdam (Nieuwmarkt/Lastage),2800,85,3,Furnished
Apartment Prins Hendrikkade,1011 TB Amsterdam (Nieuwmarkt/Lastage),2795,101,3,Furnished
Apartment Borssenburgplein,1078 TZ Amsterdam (IJselbuurt),2035,73,3,None
Apartment Andreas Schelfhoutstraat 45 hs,1058 HS Amsterdam (Hoofddorppleinbuurt),2100,95,3,Furnished
Apartment Hof van Groenen 38,1083 JR Amsterdam (Buitenveldert-Oost),1850,85,3,Furnished
Apartment Voltaplein 33 hs,1098 NN Amsterdam (Middenmeer),2250,110,4,Upholstered or furnished
Apartment Frederiksplein 40 B,1017 XN Amsterdam (De Weteringschans),3400,125,3,Upholstered
Apartment Nieuwezijds Voorburgwal,1012 RT Amsterdam (Burgwallen-Nieuwe Zijde),5000,180,4,Furnished
Apartment Backershagen 3,1082 GR Amsterdam (Buitenveldert-West),2500,115,4,Furnished
Apartment Gerard Doustraat,1073 VW Amsterdam (Oude Pijp),2800,69,3,Upholstered or furnished
Apartment Maassluisstraat,1062 GS Amsterdam (Westlandgracht),1500,40,1,Upholstered
Apartment Valkenburgerstraat 136 G,1011 NA Amsterdam (Nieuwmarkt/Lastage),2750,95,3,Upholstered or furnished
Apartment Bredeweg 2 B,1098 BP Amsterdam (Middenmeer),3500,125,4,Upholstered
Apartment Prinsengracht 1029 D,1017 KP Amsterdam (Grachtengordel-Zuid),3750,124,4,Furnished
House Jan Willem Brouwersstraat 22,1071 LK Amsterdam (Museumkwartier),8000,268,12,Upholstered or furnished
House Ringvaartdijk 40,1066 DE Amsterdam (Sloter-/Riekerpolder),4000,220,5,Furnished
Apartment Nachtwachtlaan,1058 EH Amsterdam (Overtoomse Veld),1650,59,2,Furnished
Apartment Voorsteven,1034 SM Amsterdam (Banne Buiksloot),1600,90,4,Upholstered
House Bokkinghangen,1013 NK Amsterdam (Spaarndammer- en Zeeheldenbuurt),2250,90,3,Furnished
Apartment Sausalitolaan,1031 KE Amsterdam (Noordelijke IJ-oevers West),2450,91,3,Upholstered
Apartment Bovenover,1025 JJ Amsterdam (Buikslotermeer),2100,95,4,Furnished
Apartment Van Nijenrodeweg 804 *,1082 JK Amsterdam (Buitenveldert-West),1295,30,2,None
Apartment Jacob van Lennepkade,1054 ZP Amsterdam (Overtoomse Sluis),1625,44,2,Upholstered
Apartment Tweede Jan van der Heijdenstraat,1074 XR Amsterdam (Oude Pijp),3000,116,4,Upholstered
Apartment Orteliusstraat 44 II,1057 BC Amsterdam (Hoofdweg e.o.),2700,102,4,Furnished
Apartment Mary van der Sluisstraat 332,1095 ME Amsterdam (Zeeburgereiland/Nieuwe Diep),2500,110,3,None
Apartment Olympiaplein 55 2,1077 CN Amsterdam (Apollobuurt),3750,200,5,Upholstered
Apartment Papaverweg,1032 KH Amsterdam (Volewijck),1275,47,2,Upholstered
Apartment Westerdoksdijk,1013 AD Amsterdam (Haarlemmerbuurt),2000,84,3,Upholstered or furnished
Apartment Admiralengracht 181 hs,1057 ET Amsterdam (Hoofdweg e.o.),2200,53,3,Upholstered
Apartment Johannes Verhulststraat 14 2,1071 NC Amsterdam (Museumkwartier),2250,75,2,Furnished
Apartment Valeriusterras 2,1075 BK Amsterdam (Willemspark),2450,75,3,Furnished
Apartment Valeriusstraat,1075 GC Amsterdam (Willemspark),5500,210,5,Upholstered
Apartment Van Baerlestraat,1071 BE Amsterdam (Museumkwartier),4750,200,6,Upholstered
House Buiksloterdijk 433,1034 ZA Amsterdam (Noordelijke IJ-oevers West),1950,108,4,Furnished
Apartment Eerste Boomdwarsstraat,1015 NC Amsterdam (Jordaan),2450,110,2,Furnished
House Pracanalaan,1060 RC Amsterdam (Middelveldsche Akerpolder),2995,106,5,Furnished
Apartment Burgemeester Hogguerstraat 597,1064 CW Amsterdam (Slotermeer-Zuidwest),1650,75,2,Furnished
Apartment Nieuwezijds Voorburgwal,1012 RT Amsterdam (Burgwallen-Nieuwe Zijde),5000,180,4,Furnished
Apartment Frederiksplein 40 B,1017 XN Amsterdam (De Weteringschans),3400,125,3,Upholstered
Apartment Groenburgwal,1011 HW Amsterdam (Nieuwmarkt/Lastage),2750,80,3,Furnished
Apartment Sarphatistraat 139 D,1018 GD Amsterdam (Weesperbuurt/Plantage),2350,100,3,Upholstered or furnished
Studio Ferdinand Bolstraat,1072 LM Amsterdam (Oude Pijp),1675,35,2,Furnished
Apartment Marie Heinekenplein 703,1072 MN Amsterdam (Oude Pijp),2500,105,3,Furnished
Apartment Kerkstraat,1017 HZ Amsterdam (Grachtengordel-Zuid),2700,104,4,None
Apartment Bestevâerstraat 24 3,1056 HN Amsterdam (Geuzenbuurt),2350,95,3,Furnished
House Cannenburg,1081 HA Amsterdam (Buitenveldert-West),4500,200,6,None
Apartment Newtonstraat,1098 HE Amsterdam (Middenmeer),2100,100,4,Upholstered
Apartment Marie Heinekenplein 410,1072 ML Amsterdam (Oude Pijp),2450,137,4,Furnished
Apartment Boeroestraat,1095 VS Amsterdam (Indische Buurt Oost),1400,40,2,Upholstered
Apartment Weteringschans,1017 XR Amsterdam (De Weteringschans),2150,75,2,Furnished
House Prins Hendrikkade,1011 TE Amsterdam (Nieuwmarkt/Lastage),1750,30,2,Upholstered or furnished
Apartment Westerdok 174,1013 BH Amsterdam (Haarlemmerbuurt),2250,146,3,None
Apartment Van Ostadestraat 2 3,1072 SX Amsterdam (Nieuwe Pijp),1800,63,3,None
Apartment Spuistraat,1012 VN Amsterdam (Burgwallen-Nieuwe Zijde),2550,80,3,Furnished
Apartment Haarlemmerdijk,1013 JH Amsterdam (Haarlemmerbuurt),2450,87,1,Upholstered
Apartment Kuinderstraat 39 hs,1079 DJ Amsterdam (Rijnbuurt),1900,60,3,Upholstered
Apartment Nachtwachtlaan,1058 ES Amsterdam (Overtoomse Veld),2950,125,4,Furnished
Apartment Overtoom 503 1,1054 LH Amsterdam (Overtoomse Sluis),2000,70,2,Furnished
Apartment Kea Boumanstraat 42 B,1095 MA Amsterdam (Zeeburgereiland/Nieuwe Diep),1850,90,3,Upholstered or furnished
Apartment Anthonie van Dijckstraat 11 hs,1077 MG Amsterdam (Apollobuurt),5750,140,4,Upholstered or furnished
Apartment Joh.M. Coenenstraat,1071 WH Amsterdam (Museumkwartier),3700,95,3,Furnished
Apartment Buikslotermeerplein,1025 XE Amsterdam (Buikslotermeer),2000,120,5,None
Apartment Krimpertplein 10,"1104 PH Amsterdam (Bijlmer Oost (E,G,K))",1600,70,3,None
Apartment Linnaeusstraat,1093 ED Amsterdam (Dapperbuurt),2500,63,2,Furnished
Apartment Ten Katestraat,1053 BX Amsterdam (Kinkerbuurt),1600,46,2,Upholstered or furnished
Apartment Singel 380,1016 AH Amsterdam (Grachtengordel-West),3750,150,5,Upholstered
Apartment Woestduinstraat,1059 SZ Amsterdam (Hoofddorppleinbuurt),1850,65,3,Furnished
Apartment Oostelijke Handelskade,1019 DN Amsterdam (Oostelijk Havengebied),2500,135,3,Furnished
Apartment Tweede Jacob van Campenstraat,1073 XZ Amsterdam (Oude Pijp),2850,76,3,Upholstered or furnished
Apartment Frederiksplein 40 B,1017 XN Amsterdam (De Weteringschans),3400,125,3,Upholstered
Apartment Nieuwezijds Voorburgwal,1012 RT Amsterdam (Burgwallen-Nieuwe Zijde),5000,180,4,Furnished
Apartment Eva Besnyöstraat,1087 LM Amsterdam (IJburg Zuid),1975,100,3,Furnished
Apartment Nieuwe Achtergracht,1018 WK Amsterdam (Weesperbuurt/Plantage),2800,78,4,Upholstered or furnished
Apartment Maasstraat 79 3,1078 HE Amsterdam (Scheldebuurt),2750,101,3,Upholstered
Apartment Celebesstraat,1094 GA Amsterdam (Indische Buurt West),1800,72,3,Furnished
House Admiraal De Ruijterweg,1055 MT Amsterdam (Landlust),2500,137,4,Furnished
Apartment Van Breestraat 90 II,1071 ZS Amsterdam (Museumkwartier),4500,122,7,Upholstered
Apartment Van Nijenrodeweg 410,1082 HH Amsterdam (Buitenveldert-West),2250,85,3,Furnished
Apartment Silodam,1013 AS Amsterdam (Houthavens),1500,63,3,None
Apartment Veembroederhof,1019 HC Amsterdam (Oostelijk Havengebied),2150,73,3,Furnished
Apartment Pieter Lastmankade 1 C,1075 KJ Amsterdam (Willemspark),2950,85,3,Furnished
Apartment Lindengracht,1015 KE Amsterdam (Jordaan),1650,40,2,Furnished
Apartment Saenredamstraat,1072 CG Amsterdam (Oude Pijp),1800,55,2,Furnished
Apartment Albert Luthulistraat,1091 NS Amsterdam (Transvaalbuurt),2250,85,4,Upholstered
Apartment Marcusstraat 13 2,1091 TH Amsterdam (Weesperzijde),1900,65,3,Furnished
Apartment Marnixstraat 354 bel,1016 XV Amsterdam (Jordaan),2500,80,2,Upholstered or furnished
Apartment Govert Flinckstraat 191 H,1073 BV Amsterdam (Oude Pijp),2950,122,3,None
Apartment Cliostraat 12 I,1077 KG Amsterdam (Apollobuurt),4950,131,5,None
Apartment Esplanade de Meer,1098 WN Amsterdam (Middenmeer),2500,96,3,Furnished
Apartment Geervliet,1082 NM Amsterdam (Buitenveldert-Oost),1850,75,3,None
Apartment Wamberg,1083 CX Amsterdam (Buitenveldert-Oost),2500,130,4,Furnished
Apartment Oudezijds Achterburgwal,1012 DX Amsterdam (Burgwallen-Oude Zijde),2000,75,2,None
Apartment Derde Helmersstraat 19 III,1054 BA Amsterdam (Helmersbuurt),2150,70,2,Upholstered or furnished
Apartment Orteliusstraat 314 II,1056 PP Amsterdam (Erasmuspark),2500,110,4,Furnished
Apartment Vogelenzangstraat 60 I,1058 SW Amsterdam (Hoofddorppleinbuurt),1700,55,2,Furnished
House Nadezjda Mandelstamstraat,"1102 JH Amsterdam (Bijlmer Centrum (D,F,H))",2200,150,4,Furnished
Apartment Raamgracht,1011 KH Amsterdam (Nieuwmarkt/Lastage),1700,90,2,Furnished
Apartment Honingen,1083 JP Amsterdam (Buitenveldert-Oost),2250,100,4,Furnished
Apartment Govert Flinckstraat 191 1,1073 BV Amsterdam (Oude Pijp),2650,83,4,None
Apartment Govert Flinckstraat 191 2,1073 BV Amsterdam (Oude Pijp),2650,82,3,None
Apartment Van Nijenrodeweg 410,1082 HH Amsterdam (Buitenveldert-West),2250,85,3,Furnished
Apartment Nieuwezijds Voorburgwal,1012 RT Amsterdam (Burgwallen-Nieuwe Zijde),5000,180,4,Furnished
Apartment Frederiksplein 40 B,1017 XN Amsterdam (De Weteringschans),3400,125,3,Upholstered
Apartment Prinsengracht 453 A,1016 HN Amsterdam (Grachtengordel-West),2250,65,2,Furnished
Apartment Azaleastraat,1032 BT Amsterdam (Volewijck),3350,120,6,Shell
Apartment Kerkstraat,1017 GW Amsterdam (Grachtengordel-Zuid),3750,135,4,Furnished
Apartment Edward Masseystraat,1086 ZL Amsterdam (IJburg West),1575,62,2,Furnished
Apartment Wagenaarstraat 318 4,1093 CX Amsterdam (Dapperbuurt),2300,108,4,Furnished
Apartment Kanteel 12,1083 DA Amsterdam (Buitenveldert-Oost),2500,131,4,Upholstered
Apartment Julius Pergerstraat,1087 KP Amsterdam (IJburg Zuid),1700,80,3,Upholstered
Apartment Van der Palmkade,1051 RE Amsterdam (Staatsliedenbuurt),2150,70,3,Furnished
Apartment Jacques Veltmanstraat 209,1065 DB Amsterdam (Slotervaart Zuid),2150,80,3,Furnished
Apartment Distelweg,1031 HD Amsterdam (Noordelijke IJ-oevers West),2650,87,3,Furnished
Apartment Admiraal De Ruijterweg,1056 GT Amsterdam (Geuzenbuurt),2895,170,4,Furnished
Apartment Apollolaan,1077 AE Amsterdam (Apollobuurt),2650,125,3,None
Apartment Cornelis van Rijplantsoen 75,1063 MD Amsterdam (Slotermeer-Noordoost),1899,105,5,Upholstered
Apartment Willem Dreesplantsoen,1067 VG Amsterdam (Eendracht),1750,69,3,None
Apartment Vondelstraat 178 3,1054 GW Amsterdam (Vondelbuurt),3950,180,6,Upholstered
Apartment Emmy Andriessestraat 488,1087 NE Amsterdam (IJburg Zuid),2237,133,3,Shell
House Piet Zwarthof 63,1087 AX Amsterdam (IJburg West),2500,120,3,Furnished
Apartment Nieuwezijds Voorburgwal 329 B,1012 RM Amsterdam (Burgwallen-Nieuwe Zijde),1999,76,3,Furnished
Apartment NDSM-kade,1033 PG Amsterdam (Noordelijke IJ-oevers West),1694,89,2,Upholstered
Apartment NDSM-kade,1033 PG Amsterdam (Noordelijke IJ-oevers West),1568,64,2,Upholstered
Apartment NDSM-kade,1033 PG Amsterdam (Noordelijke IJ-oevers West),1265,63,2,Upholstered
Apartment NDSM-kade,1033 PG Amsterdam (Noordelijke IJ-oevers West),1487,71,2,Upholstered
Apartment VOC-kade 78,1018 LG Amsterdam (Oostelijke Eilanden/Kadijken),2750,88,4,Furnished
Apartment Van Oldenbarneveldtstraat 47 3,1052 JT Amsterdam (Frederik Hendrikbuurt),2300,58,3,Furnished
House Jachthavenweg,1076 CZ Amsterdam (Stadionbuurt),2350,80,3,Upholstered or furnished
Apartment De Klencke 105 B,1083 HH Amsterdam (Buitenveldert-Oost),1695,50,2,Furnished
Apartment Baden Powellweg 44 A,1069 LK Amsterdam (Osdorp-Midden),2150,104,3,Furnished
Apartment Boeninlaan,"1102 TP Amsterdam (Bijlmer Centrum (D,F,H))",1900,80,4,Furnished
House Professor J.H. Gunningstraat 40,1068 MS Amsterdam (Osdorp-Oost),2350,133,4,Furnished
Apartment Memeleiland,1014 ZL Amsterdam (Houthavens),1950,87,3,Upholstered
Apartment Frederiksplein 40 B,1017 XN Amsterdam (De Weteringschans),3400,125,3,Upholstered
Apartment Nieuwezijds Voorburgwal,1012 RT Amsterdam (Burgwallen-Nieuwe Zijde),5000,180,4,Furnished
Apartment Admiralengracht,1057 GE Amsterdam (Chassébuurt),2500,86,4,Furnished
Room Midscheeps,1034 TD Amsterdam (Banne Buiksloot),690,50,2,Furnished
Apartment John Blankensteinstraat 73 1,1095 MB Amsterdam (Zeeburgereiland/Nieuwe Diep),1499,63,3,Upholstered or furnished
Apartment Singel 518,1017 AX Amsterdam (Grachtengordel-Zuid),3000,105,3,Furnished
Apartment H. Gerhardstraat,1069 TD Amsterdam (Osdorp-Midden),2500,117,4,Furnished
Apartment Rijswijkstraat,1062 ER Amsterdam (Westlandgracht),1600,85,3,Upholstered
Apartment Herengracht 579 1,1017 CD Amsterdam (Grachtengordel-Zuid),5650,125,3,Furnished
Apartment Joan Melchior Kemperstraat,1051 TM Amsterdam (Staatsliedenbuurt),1725,58,2,Furnished
Apartment Raamstraat 33 L,1016 XL Amsterdam (Jordaan),3250,62,3,None
House Vondelstraat 48,1054 GE Amsterdam (Vondelbuurt),9250,388,7,Upholstered or furnished
Apartment Deurloostraat 102 1,1078 JJ Amsterdam (Scheldebuurt),1995,80,3,Upholstered
Apartment Noorderstraat,1017 TR Amsterdam (De Weteringschans),3250,115,4,Furnished
House Keizersgracht,1015 CP Amsterdam (Grachtengordel-West),2150,65,2,Furnished
Apartment Plantage Middenlaan 20 III,1018 DE Amsterdam (Weesperbuurt/Plantage),3650,147,4,Upholstered
Apartment Langswater,1069 EG Amsterdam (De Punt),2200,75,4,Upholstered
Apartment Ferdinand Bolstraat 72 4,1072 LM Amsterdam (Oude Pijp),3400,94,5,Upholstered
Apartment Andreasplein,1058 GD Amsterdam (Westlandgracht),2700,130,4,None
Apartment Minervaplein,1077 TH Amsterdam (Apollobuurt),2150,75,2,None
Apartment Corellistraat,1077 HA Amsterdam (Apollobuurt),2750,112,3,Furnished
Apartment Watteaustraat 29 2,1077 ZK Amsterdam (Apollobuurt),2500,115,4,Upholstered
Apartment Frans van Mierisstraat 56 HS,1071 RW Amsterdam (Museumkwartier),3450,142,4,None
Apartment Anna Blamansingel,"1102 ST Amsterdam (Bijlmer Centrum (D,F,H))",1550,50,2,Furnished
House Emmy Andriessestraat 4,1087 MJ Amsterdam (IJburg Zuid),3000,175,6,Furnished
House Molukkenstraat 557,1095 BJ Amsterdam (Indische Buurt Oost),1600,46,3,Upholstered
Apartment Schokkerspad,1081 KR Amsterdam (Buitenveldert-West),2250,95,3,Upholstered
Apartment Holendrechtstraat 26 3,1078 TT Amsterdam (IJselbuurt),1900,70,3,Upholstered
Apartment Sausalitolaan,1031 KE Amsterdam (Noordelijke IJ-oevers West),1850,67,2,Upholstered
Apartment Leidsekruisstraat 17 2,1017 RE Amsterdam (De Weteringschans),1600,45,2,Furnished
Apartment Pieter Calandlaan,1068 NE Amsterdam (Osdorp-Oost),1700,81,3,Upholstered
Apartment Oostenburgergracht 53 C,1018 NB Amsterdam (Oostelijke Eilanden/Kadijken),1850,60,3,Furnished
Apartment Frederiksplein 40 B,1017 XN Amsterdam (De Weteringschans),3400,125,3,Upholstered
Apartment Nieuwezijds Voorburgwal,1012 RT Amsterdam (Burgwallen-Nieuwe Zijde),5000,180,4,Furnished
Apartment ms. van Riemsdijkweg,1033 RD Amsterdam (Noordelijke IJ-oevers West),3250,115,3,Upholstered
Apartment Vätternkade 85 A,1060 PK Amsterdam (Middelveldsche Akerpolder),1750,70,3,Furnished
Apartment Cruquiusweg 124,1019 AK Amsterdam (Oostelijk Havengebied),1750,65,2,Upholstered
Apartment Cruquiusweg 126,1019 AK Amsterdam (Oostelijk Havengebied),1915,115,4,Upholstered
Apartment Lomanstraat,1075 RC Amsterdam (Willemspark),1485,50,2,Upholstered
Apartment Bloemgracht 124 E,1015 TP Amsterdam (Jordaan),2950,110,3,Furnished
Apartment Ferdinand Bolstraat,1072 LC Amsterdam (Oude Pijp),2750,86,3,Furnished
Apartment Krooswijkhof,1083 JA Amsterdam (Buitenveldert-Oost),2300,100,3,Furnished
Apartment Pieter Oosterhuisstraat,1087 HT Amsterdam (IJburg Zuid),2350,112,3,Upholstered
Apartment Ganzenweg,1021 CP Amsterdam (IJplein/Vogelbuurt),1749,75,3,Furnished
Apartment Hudsonstraat,1057 SN Amsterdam (Hoofdweg e.o.),2200,87,4,Furnished
Apartment Grasweg 168,1031 HX Amsterdam (Noordelijke IJ-oevers West),1550,62,3,None
House Koninginneweg,1075 CK Amsterdam (Willemspark),4500,234,5,Upholstered
Apartment Deurloostraat 109 II,1078 HW Amsterdam (Scheldebuurt),2400,83,4,Upholstered
Apartment IJdoornlaan 251 S1,1024 KM Amsterdam (Waterlandpleinbuurt),1450,85,3,Shell
Room Holendrechtstraat,1078 TT Amsterdam (IJselbuurt),701,9,1,Furnished
Apartment Warmoesstraat,1012 HX Amsterdam (Burgwallen-Oude Zijde),1900,90,1,Furnished
Apartment Dongestraat,1078 JW Amsterdam (Scheldebuurt),2800,140,6,Upholstered
Apartment Mercatorstraat,1056 PZ Amsterdam (Van Galenbuurt),1695,50,3,Upholstered
Apartment Eerste Jan van der Heijdenstraat,1072 VC Amsterdam (Oude Pijp),6500,150,6,Furnished
Apartment Van Leijenberghlaan,1082 GM Amsterdam (Buitenveldert-West),4350,204,3,Upholstered
Apartment Gustav Mahlerplein,1082 MS Amsterdam (Zuidas),5000,175,4,None
Apartment Voetboogstraat,1012 XK Amsterdam (Burgwallen-Nieuwe Zijde),1600,40,2,Upholstered
Apartment Cruquiusweg 128,1019 AK Amsterdam (Oostelijk Havengebied),1795,80,3,Upholstered
Apartment Palestrinastraat 24 H,1071 LG Amsterdam (Museumkwartier),7000,203,7,Furnished
Apartment S. F. van Ossstraat,1068 JS Amsterdam (Osdorp-Oost),1695,80,4,Furnished
Apartment Insulindeweg,1094 NZ Amsterdam (Indische Buurt West),2450,71,4,Upholstered or furnished
Apartment Dongestraat,1078 JW Amsterdam (Scheldebuurt),2250,85,3,Upholstered
Apartment Admiraal De Ruijterweg,1055 NA Amsterdam (Landlust),2750,100,5,Furnished
Apartment Bestevâerstraat,1055 TN Amsterdam (Landlust),1750,60,3,Upholstered
Apartment Frederiksplein 40 B,1017 XN Amsterdam (De Weteringschans),3400,125,3,Upholstered
Apartment Nieuwezijds Voorburgwal,1012 RT Amsterdam (Burgwallen-Nieuwe Zijde),5000,180,4,Furnished
Apartment Valeriusstraat 121 H,1075 ER Amsterdam (Willemspark),4500,145,4,Upholstered or furnished
Apartment Frederiksplein 40 B,1017 XN Amsterdam (De Weteringschans),3400,125,3,Upholstered
Apartment Driekoningenstraat,1016 AL Amsterdam (Grachtengordel-West),1650,58,2,None
Apartment Vespuccistraat,1056 SJ Amsterdam (Van Galenbuurt),1950,50,2,Furnished
Apartment Karperweg,1075 LA Amsterdam (Schinkelbuurt),2850,120,4,Furnished
Apartment Joos Banckersplantsoen,1056 LD Amsterdam (Landlust),2850,120,3,Furnished
Apartment Uiterwaardenstraat 61 hs,1079 BS Amsterdam (Rijnbuurt),1750,60,3,Upholstered
Apartment Admiraal De Ruijterweg,1055 MP Amsterdam (Landlust),3250,139,5,Furnished
Apartment Jan Pieter Heijestraat 172 1,1054 ML Amsterdam (Overtoomse Sluis),2450,110,4,Upholstered
Apartment Pythagorasstraat,1098 EZ Amsterdam (Middenmeer),3150,124,5,Furnished
Apartment Elckerlijcstraat 35,1055 AK Amsterdam (Erasmuspark),2750,123,5,Upholstered
House Herengracht,1016 BC Amsterdam (Grachtengordel-West),4200,148,5,None
Apartment Ruysdaelstraat,1071 XB Amsterdam (Museumkwartier),1950,75,3,Upholstered
Apartment Stadionweg,1077 TB Amsterdam (Apollobuurt),3000,116,4,None
Apartment Distelweg 243,1031 HD Amsterdam (Noordelijke IJ-oevers West),1683,64,3,None
Apartment Distelweg 237,1031 HD Amsterdam (Noordelijke IJ-oevers West),1672,69,3,None
Apartment Distelweg 253,1031 HD Amsterdam (Noordelijke IJ-oevers West),1672,69,3,None
Apartment Distelweg 269,1031 HD Amsterdam (Noordelijke IJ-oevers West),1672,69,3,None
House Tuinstraat 224 Hs,1015 PK Amsterdam (Jordaan),3500,145,5,Upholstered
Apartment Jan de Jonghkade,1063 MH Amsterdam (Slotermeer-Noordoost),2250,95,3,Upholstered or furnished
Apartment Veembroederhof,1019 HC Amsterdam (Oostelijk Havengebied),2500,92,3,Upholstered or furnished
Apartment Van Speijkstraat 135 I,1057 GV Amsterdam (Chassébuurt),2000,71,3,Upholstered
Apartment Tweede van Swindenstraat 178 B,1093 XA Amsterdam (Dapperbuurt),2050,90,3,Upholstered
Apartment Haarlemmermeerstraat 50 3,1058 KB Amsterdam (Hoofddorppleinbuurt),2750,106,4,Furnished
House Louis Naarstigstraat,1063 EN Amsterdam (Slotermeer-Noordoost),1900,88,4,Upholstered
Apartment Marnixstraat,1016 XV Amsterdam (Jordaan),3500,98,3,Furnished
Apartment Houthavenweg,1014 ZA Amsterdam (Houthavens),1500,60,1,None
Studio Amstelkade,1078 BA Amsterdam (Scheldebuurt),1350,30,1,Furnished
Apartment Papaverweg,1032 KH Amsterdam (Volewijck),1215,40,2,Upholstered
Apartment Carolina MacGillavrylaan 49,1098 XA Amsterdam (Middenmeer),2650,128,5,Upholstered
Apartment Nieuwezijds Voorburgwal,1012 RT Amsterdam (Burgwallen-Nieuwe Zijde),5000,180,4,Furnished
Apartment Frederiksplein 40 B,1017 XN Amsterdam (De Weteringschans),3400,125,3,Upholstered
Apartment Haparandaweg,1013 BD Amsterdam (Houthavens),1200,42,1,None
Apartment Weesperzijde,1091 EL Amsterdam (Weesperzijde),2300,90,3,Upholstered
Apartment Cliffordstraat,1051 GP Amsterdam (Staatsliedenbuurt),1650,50,2,Furnished
Apartment Rijnstraat,1079 HH Amsterdam (Rijnbuurt),1800,85,3,Upholstered
Apartment Hartenstraat,1016 CC Amsterdam (Grachtengordel-West),1800,50,2,Upholstered
Apartment Sibogastraat,1094 SM Amsterdam (Indische Buurt West),1750,90,4,None
Apartment Groenburgwal,1011 HX Amsterdam (Nieuwmarkt/Lastage),2000,70,2,Furnished
House Hunzestraat,1079 WJ Amsterdam (Rijnbuurt),2050,69,2,Upholstered
House Klaas Geertsplantsoen 10,1022 LK Amsterdam (Elzenhagen),3000,150,7,Upholstered
Apartment Leonard Bernsteinstraat,1082 MR Amsterdam (Zuidas),3250,130,3,Furnished
Apartment Prinsengracht,1016 GX Amsterdam (Grachtengordel-West),3250,92,3,None
Apartment Céramiquelaan,1031 KG Amsterdam (Noordelijke IJ-oevers West),1640,84,3,None
Studio Monnikskapstraat 24 B3,1032 LM Amsterdam (Noordelijke IJ-oevers West),1700,40,1,Furnished
Apartment Koningsplein 10 C,1017 BB Amsterdam (Grachtengordel-Zuid),2950,131,5,None
Apartment Runstraat,1016 GK Amsterdam (Grachtengordel-West),2150,70,4,Upholstered
Apartment Reestraat,1016 DM Amsterdam (Grachtengordel-West),2000,90,2,Upholstered
House Keizersgracht 786,1017 EC Amsterdam (Grachtengordel-Zuid),13000,450,12,Upholstered
Apartment Nieuwendijk 140 3,1012 MS Amsterdam (Burgwallen-Nieuwe Zijde),1750,60,2,Upholstered
Apartment Dufaystraat,1075 GS Amsterdam (Willemspark),2650,70,3,Furnished
Apartment Nobelweg,1097 AR Amsterdam (Frankendael),1400,70,2,Furnished
Apartment Plantage Kerklaan,1018 SX Amsterdam (Weesperbuurt/Plantage),2950,90,3,Furnished
Apartment Warmondstraat,1058 KR Amsterdam (Hoofddorppleinbuurt),3500,146,4,Furnished
Apartment Nadorststeeg,1012 KE Amsterdam (Burgwallen-Oude Zijde),4150,156,3,Furnished
Apartment Groenhoven,"1103 LZ Amsterdam (Bijlmer Oost (E,G,K))",2200,110,4,Furnished
Apartment Nieuwe Kerkstraat,1018 EB Amsterdam (Weesperbuurt/Plantage),2999,80,2,Furnished
House Hugo de Grootkade,1052 LS Amsterdam (Frederik Hendrikbuurt),2349,85,4,Furnished
Apartment Reguliersdwarsstraat,1017 BM Amsterdam (Grachtengordel-Zuid),3000,97,3,Upholstered or furnished
Apartment Minervalaan,1077 PK Amsterdam (Apollobuurt),4500,140,4,Upholstered
Apartment tt. Vasumweg,1033 SC Amsterdam (Noordelijke IJ-oevers West),1750,103,3,None
Apartment Ennemaborg,1082 ST Amsterdam (Buitenveldert-West),1800,100,4,Upholstered
Apartment Nieuwezijds Voorburgwal,1012 RT Amsterdam (Burgwallen-Nieuwe Zijde),5000,180,4,Furnished
Apartment Frederiksplein 40 B,1017 XN Amsterdam (De Weteringschans),3400,125,3,Upholstered
Apartment Laurierstraat 105,1016 PL Amsterdam (Jordaan),3600,120,4,None
Apartment Lijnbaansgracht,1016 VX Amsterdam (Jordaan),7500,178,2,Upholstered or furnished
Apartment Hellingstraat,1033 WW Amsterdam (Noordelijke IJ-oevers West),2550,90,3,Upholstered
Apartment Bloemgracht,1015 TH Amsterdam (Jordaan),2450,75,3,Furnished
Apartment Krooswijkhof,1082 PB Amsterdam (Buitenveldert-Oost),3500,135,4,Upholstered or furnished
Apartment Kanteel,1083 DA Amsterdam (Buitenveldert-Oost),2350,80,4,Furnished
Apartment Apollolaan 197 D,1077 AX Amsterdam (Apollobuurt),2600,125,2,Upholstered
Apartment Grasweg 148,1031 HX Amsterdam (Noordelijke IJ-oevers West),1550,69,3,None
Apartment Grasweg 122,1031 HX Amsterdam (Noordelijke IJ-oevers West),1747,90,2,None
House Adelaarsweg 7,1021 BM Amsterdam (IJplein/Vogelbuurt),3500,180,6,Furnished
Apartment Haarlemmerstraat,1013 EM Amsterdam (Haarlemmerbuurt),2200,62,3,None
Apartment Muntplein,1012 WR Amsterdam (Burgwallen-Nieuwe Zijde),1680,65,2,Upholstered
Apartment Koopvaardersplantsoen 22,1034 KE Amsterdam (Banne Buiksloot),1300,93,3,None
Apartment Stadionkade,1076 BS Amsterdam (Stadionbuurt),3200,150,4,Upholstered
Apartment Willem Parelstraat,1018 KZ Amsterdam (Oostelijke Eilanden/Kadijken),1850,80,3,None
House Van Oldenbarneveldtstraat 5,1052 JN Amsterdam (Frederik Hendrikbuurt),2150,57,3,Upholstered
Apartment Haringbuisdijk 515,1086 VA Amsterdam (IJburg West),1480,90,2,None
Apartment Haringbuisdijk 147,1086 VA Amsterdam (IJburg West),960,41,1,None
Apartment Haringbuisdijk 387,1086 VA Amsterdam (IJburg West),920,38,1,None
Apartment Ruysdaelkade 197 2,1072 AV Amsterdam (Nieuwe Pijp),1865,58,3,Furnished
House Eurokade,1060 RZ Amsterdam (Middelveldsche Akerpolder),2395,145,6,Upholstered or furnished
Apartment Hoofddorpplein 3 A,1059 CV Amsterdam (Hoofddorppleinbuurt),2700,110,4,Upholstered
Apartment Prinsengracht 10 3,1015 DV Amsterdam (Jordaan),3100,125,5,Furnished
Apartment Willem Parelstraat,1018 KZ Amsterdam (Oostelijke Eilanden/Kadijken),1850,84,3,None
Studio Sint Agnietenstraat,1012 EG Amsterdam (Burgwallen-Oude Zijde),1500,37,1,Furnished
House Vierwindendwarsstraat 9,1013 LB Amsterdam (Haarlemmerbuurt),2450,80,3,Upholstered
Apartment Westerdoksdijk 41,1013 AD Amsterdam (Haarlemmerbuurt),2550,139,3,None
House Amstel 49,1011 PW Amsterdam (Nieuwmarkt/Lastage),5500,125,4,Upholstered or furnished
Apartment Oudezijds Voorburgwal,1012 EN Amsterdam (Burgwallen-Oude Zijde),2950,120,4,Furnished
Apartment Keizersgracht 385 B,1016 EJ Amsterdam (Grachtengordel-West),9750,300,5,Upholstered or furnished
Apartment Frederiksplein 40 B,1017 XN Amsterdam (De Weteringschans),3400,125,3,Upholstered
Apartment Nieuwezijds Voorburgwal,1012 RT Amsterdam (Burgwallen-Nieuwe Zijde),5000,180,4,Furnished
Apartment Eastonstraat 198,1068 JG Amsterdam (Osdorp-Oost),3400,88,5,Upholstered or furnished
Apartment Zuideinde 393 1,1035 PE Amsterdam (Oostzanerwerf),1200,25,2,Furnished
Apartment Aalsmeerweg 37 H,1059 AB Amsterdam (Hoofddorppleinbuurt),3000,90,4,Upholstered
Apartment Spuistraat,1012 TS Amsterdam (Burgwallen-Nieuwe Zijde),2000,100,2,Furnished
Apartment Bloemstraat,1016 LJ Amsterdam (Jordaan),2475,86,3,None
Apartment Akkerstraat,1097 XK Amsterdam (Betondorp),650,10,2,Upholstered or furnished
Apartment Van Baerlestraat 69 IV,1071 AS Amsterdam (Museumkwartier),2400,85,3,Upholstered
Apartment Huidekoperstraat 11,1017 ZL Amsterdam (De Weteringschans),3000,110,4,Upholstered
Apartment Pantograafstraat,1019 XX Amsterdam (Oostelijk Havengebied),1305,61,1,None
Apartment Binnenkant,1011 BJ Amsterdam (Nieuwmarkt/Lastage),1950,105,2,Upholstered
Apartment Albrecht Dürerstraat,1077 LS Amsterdam (Apollobuurt),2850,130,5,Furnished
Apartment Korte Prinsengracht,1013 GS Amsterdam (Haarlemmerbuurt),1650,60,2,Upholstered
Apartment Buitenveldertselaan,1082 VB Amsterdam (Buitenveldert-West),1800,88,3,Furnished
Apartment Haarlemmerweg,1014 BL Amsterdam (Sloterdijk),1950,72,3,Upholstered
Apartment Apollolaan 119 2,1077 AP Amsterdam (Apollobuurt),4500,100,3,Upholstered
Apartment Hofgeest,"1102 EB Amsterdam (Bijlmer Centrum (D,F,H))",2000,93,4,Furnished
Apartment Praterlaan,1098 WR Amsterdam (Middenmeer),1750,70,4,Furnished
Apartment Haya van Someren-Downerstraat,1067 WP Amsterdam (Eendracht),2050,90,4,Upholstered
Apartment Pantograafstraat,1019 XX Amsterdam (Oostelijk Havengebied),1865,98,3,None
Apartment Pantograafstraat,1019 XX Amsterdam (Oostelijk Havengebied),1720,95,3,None
Studio Wibautstraat 150,1091 GR Amsterdam (Weesperzijde),3250,40,1,Furnished
Apartment Zandstrooierstraat,1019 XZ Amsterdam (Oostelijk Havengebied),1915,95,4,None
Apartment Van Ostadestraat,1072 SZ Amsterdam (Nieuwe Pijp),2450,120,3,Furnished
Apartment Grasweg 278,1031 HX Amsterdam (Noordelijke IJ-oevers West),1446,62,3,None
Apartment Singel,1016 AA Amsterdam (Grachtengordel-West),4500,155,4,Upholstered or furnished
Apartment Jan van Zutphenstraat,1069 RR Amsterdam (Osdorp-Midden),2100,72,3,Upholstered or furnished
Apartment Kalverstraat,1012 PH Amsterdam (Burgwallen-Nieuwe Zijde),2500,110,4,Furnished
Apartment Marius Bauerstraat 30 F8,1062 AR Amsterdam (Overtoomse Veld),1260,42,2,Upholstered
Apartment Peelstraat 44,1079 RN Amsterdam (Scheldebuurt),1760,92,3,Upholstered
Apartment Bos en Lommerplantsoen,1055 AA Amsterdam (De Kolenkit),4500,50,2,Furnished
Apartment Frederiksplein 40 B,1017 XN Amsterdam (De Weteringschans),3400,125,3,Upholstered
Apartment Nieuwezijds Voorburgwal,1012 RT Amsterdam (Burgwallen-Nieuwe Zijde),5000,180,4,Furnished
Apartment Reestraat,1016 DM Amsterdam (Grachtengordel-West),2295,115,2,Furnished
House Strekkerweg,1033 DA Amsterdam (Tuindorp Oostzaan),1200,70,2,Upholstered
House Leliegracht,1015 DH Amsterdam (Grachtengordel-West),3950,118,4,Upholstered
Apartment Burgemeester Cramergracht 139,1064 AK Amsterdam (Slotermeer-Zuidwest),1400,65,2,Shell
Studio Dantestraat,"1102 ZN Amsterdam (Bijlmer Centrum (D,F,H))",1200,35,1,Furnished
Apartment Staalmeesterslaan 219,1057 NV Amsterdam (Overtoomse Veld),1376,85,4,None
Apartment Staalmeesterslaan 331,1057 PC Amsterdam (Overtoomse Veld),1376,85,4,None
Apartment Staalmeesterslaan 257,1057 NZ Amsterdam (Overtoomse Veld),1452,105,5,None
Apartment Staalmeesterslaan 330,1057 PC Amsterdam (Overtoomse Veld),1376,85,4,None
Apartment Van Spilbergenstraat,1057 RR Amsterdam (Hoofdweg e.o.),"",44,2,Upholstered
Room Mijehof,1106 HE Amsterdam (Holendrecht/Reigersbos),660,15,1,Upholstered or furnished
Apartment Grasweg 124,1031 HX Amsterdam (Noordelijke IJ-oevers West),2154,106,3,None
Apartment Grasweg 344,1031 HX Amsterdam (Noordelijke IJ-oevers West),1773,74,3,None
Apartment Grasweg 138,1031 HX Amsterdam (Noordelijke IJ-oevers West),1540,69,3,None
Apartment Grasweg 292,1031 HX Amsterdam (Noordelijke IJ-oevers West),1447,63,3,None
Apartment Grasweg 152,1031 HX Amsterdam (Noordelijke IJ-oevers West),1367,62,3,None
Apartment Grasweg 262,1031 HX Amsterdam (Noordelijke IJ-oevers West),1205,47,3,None
Apartment Grasweg 142,1031 HX Amsterdam (Noordelijke IJ-oevers West),1138,48,2,None
Apartment Grasweg 106,1031 HX Amsterdam (Noordelijke IJ-oevers West),1035,45,2,None
Apartment Keizersgracht 365 E,1016 EJ Amsterdam (Grachtengordel-West),3950,130,3,Upholstered or furnished
Apartment Apollolaan,1077 AC Amsterdam (Apollobuurt),2650,107,4,Upholstered
Apartment Marius Bauerstraat 30 K2,1062 AR Amsterdam (Overtoomse Veld),1510,55,3,Upholstered
Apartment Albert Cuypstraat 143 3,1072 CS Amsterdam (Oude Pijp),3000,53,2,Furnished
Apartment Koopvaardersplantsoen,1034 KE Amsterdam (Banne Buiksloot),2250,115,3,Furnished
Apartment Linnaeusstraat,1092 CK Amsterdam (Oosterparkbuurt),3475,153,5,Furnished
Apartment Eerste Egelantiersdwarsstraat,1015 RW Amsterdam (Jordaan),2175,46,2,None
Apartment Eerste Egelantiersdwarsstraat,1015 RW Amsterdam (Jordaan),2175,46,2,None
Apartment Westerstraat 121 H,1015 LZ Amsterdam (Jordaan),1950,51,2,None
Studio August Allebéplein,1062 AC Amsterdam (Overtoomse Veld),673,30,1,Upholstered
Apartment Prinsengracht,1016 GV Amsterdam (Grachtengordel-West),3950,100,3,Upholstered or furnished
Apartment Nieuwezijds Voorburgwal,1012 RT Amsterdam (Burgwallen-Nieuwe Zijde),5000,180,4,Furnished
Apartment Frederiksplein 40 B,1017 XN Amsterdam (De Weteringschans),3400,125,3,Upholstered
Apartment Vondelstraat 68 3,1054 GG Amsterdam (Vondelbuurt),4500,127,3,Furnished
Apartment Korsjespoortsteeg 18 1,1015 AR Amsterdam (Grachtengordel-West),1500,35,1,None
Apartment Gerard Doustraat,1073 VW Amsterdam (Oude Pijp),2700,74,2,Upholstered
Apartment Teilingen,1082 JR Amsterdam (Buitenveldert-West),2750,130,4,Upholstered or furnished
Apartment Teilingen,1082 JR Amsterdam (Buitenveldert-West),2450,130,3,Upholstered or furnished
Apartment Beysterveld 189,1083 KD Amsterdam (Buitenveldert-Oost),7500,195,4,None
Apartment Westerstraat 121 2,1015 LZ Amsterdam (Jordaan),2400,74,2,None
Apartment NDSM-kade,1033 PG Amsterdam (Noordelijke IJ-oevers West),2654,129,4,Upholstered
Apartment Uiterwaardenstraat,1079 BS Amsterdam (Rijnbuurt),1750,56,2,None
Apartment Stromarkt,1012 SW Amsterdam (Burgwallen-Nieuwe Zijde),2350,65,2,Furnished
House Herengracht 294,1016 BX Amsterdam (Grachtengordel-West),4950,240,10,None
Apartment Van Leijenberghlaan 4 K,1082 GM Amsterdam (Buitenveldert-West),2950,120,3,Furnished
Apartment Teilingen,1082 JS Amsterdam (Buitenveldert-West),5500,262,3,Furnished
Apartment Nieuwezijds Voorburgwal,1012 RT Amsterdam (Burgwallen-Nieuwe Zijde),5000,180,4,Furnished
Apartment Beulingstraat,1017 BA Amsterdam (Grachtengordel-Zuid),3300,120,3,None
Apartment Tourniairestraat,1065 KK Amsterdam (Slotervaart Zuid),345,13,1,Upholstered
Apartment Tourniairestraat,1065 KK Amsterdam (Slotervaart Zuid),440,20,1,Upholstered
Apartment Duivendrechtsekade,1096 AH Amsterdam (Omval/Overamstel),440,18,1,Furnished
Apartment Vossiusstraat,1071 AD Amsterdam (Museumkwartier),2800,80,3,Upholstered
Apartment Voorsteven 92,1034 SP Amsterdam (Banne Buiksloot),2650,95,4,Upholstered or furnished
Apartment Domela Nieuwenhuisstraat,1069 SR Amsterdam (Osdorp-Midden),2500,100,4,Furnished
Apartment Stadhouderskade 18 B,1054 ES Amsterdam (Vondelbuurt),6450,210,6,Upholstered
Apartment Javakade,1019 RV Amsterdam (Oostelijk Havengebied),2150,114,3,Upholstered
Apartment Amstelveenseweg,1075 XL Amsterdam (Schinkelbuurt),1950,82,2,Furnished
Apartment Stadionweg,1077 ST Amsterdam (Apollobuurt),2700,120,3,Upholstered or furnished
Apartment John Blankensteinstraat,1095 MB Amsterdam (Zeeburgereiland/Nieuwe Diep),2500,105,5,Upholstered
Apartment Wolbrantskerkweg,1069 DA Amsterdam (Osdorp-Midden),2200,132,5,Upholstered
Studio Elizabeth Cady Stantonplein,"1102 BL Amsterdam (Bijlmer Centrum (D,F,H))",655,30,1,Upholstered
Apartment Tasmanstraat 3,1013 PW Amsterdam (Houthavens),2150,100,4,Furnished
Apartment Ditlaar,1066 EE Amsterdam (Sloter-/Riekerpolder),1550,40,1,Furnished
Apartment Nieuwezijds Voorburgwal,1012 RT Amsterdam (Burgwallen-Nieuwe Zijde),5000,180,4,Furnished
Apartment Frederiksplein 40 B,1017 XN Amsterdam (De Weteringschans),3400,125,3,Upholstered
Apartment Koningin Wilhelminaplein,1062 KS Amsterdam (Westlandgracht),2050,90,3,Furnished
Apartment IJdok,1013 MM Amsterdam (Haarlemmerbuurt),2550,55,2,Upholstered or furnished
Apartment Amstelveenseweg,1075 XL Amsterdam (Schinkelbuurt),2150,70,3,Upholstered or furnished
Apartment Koningin Wilhelminaplein,1062 KS Amsterdam (Westlandgracht),2150,105,4,Furnished
Apartment Koningin Wilhelminaplein,1062 KS Amsterdam (Westlandgracht),1850,90,3,Furnished
Apartment Lange Leidsedwarsstraat 147,1017 NK Amsterdam (De Weteringschans),2250,115,4,Upholstered
Apartment Rijnstraat 121 3,1079 HB Amsterdam (Rijnbuurt),1850,75,4,None
Apartment Groenhoven 210,"1103 LD Amsterdam (Bijlmer Oost (E,G,K))",1450,53,2,None
Apartment Westerstraat 242 III,1015 MT Amsterdam (Jordaan),1850,45,2,Upholstered
Apartment Van Spilbergenstraat,1057 RN Amsterdam (Hoofdweg e.o.),1725,50,3,None
Apartment Vechtstraat,1078 RE Amsterdam (IJselbuurt),1600,62,3,None
Apartment Brederodestraat,1054 MX Amsterdam (Helmersbuurt),1750,50,2,None
Apartment Frieslandstraat 1,1082 TK Amsterdam (Buitenveldert-West),1750,55,3,Upholstered or furnished
Apartment Bloemstraat,1016 KX Amsterdam (Jordaan),2450,80,3,Furnished
Apartment Frederiksstraat 13 3,1054 LA Amsterdam (Overtoomse Sluis),2350,70,3,Furnished
Apartment Prinsengracht,1017 LB Amsterdam (De Weteringschans),5000,185,4,Upholstered
Apartment Leksmondhof,1108 EP Amsterdam (Nellestein),1700,73,2,Furnished
Apartment Kinkerstraat 332 3,1053 GD Amsterdam (Kinkerbuurt),1950,60,3,Furnished
Apartment Herengracht 579 1-S,1017 CD Amsterdam (Grachtengordel-Zuid),1950,51,2,Upholstered or furnished
House Keizersgracht 808 T,1017 ED Amsterdam (Grachtengordel-Zuid),1900,70,3,Furnished
House Leidsegracht,1017 NA Amsterdam (Grachtengordel-Zuid),6500,309,7,None
Apartment Weissenbruchstraat 29 3,1058 KL Amsterdam (Hoofddorppleinbuurt),1375,35,2,None
Apartment Suikerbakkerssteeg 6 B,1012 PW Amsterdam (Burgwallen-Nieuwe Zijde),1550,46,2,Furnished
Apartment Omval,1096 AA Amsterdam (Omval/Overamstel),2250,97,3,Upholstered
Apartment Apollolaan 79 I,1077 AK Amsterdam (Apollobuurt),2850,125,4,None
Apartment Marjoleinstraat 81,1034 DS Amsterdam (Banne Buiksloot),1500,70,3,Furnished
Apartment Roerstraat 92 1,1078 LT Amsterdam (Scheldebuurt),1875,92,4,None
Apartment Marcantilaan 440,1051 MK Amsterdam (Centrale Markt),2250,80,3,Furnished
Apartment Groenendaalstraat 45 I,1058 LE Amsterdam (Hoofddorppleinbuurt),1500,50,2,None
Apartment Rhijnvis Feithstraat 31 H,1054 TV Amsterdam (Overtoomse Sluis),3250,108,4,Upholstered
Apartment Frederiksplein 40 B,1017 XN Amsterdam (De Weteringschans),3400,125,3,Upholstered
Apartment Nieuwezijds Voorburgwal,1012 RT Amsterdam (Burgwallen-Nieuwe Zijde),5000,180,4,Furnished
Apartment Amstelveenseweg 118 3,1075 XL Amsterdam (Schinkelbuurt),1750,60,2,Furnished
Apartment Hofmeyrstraat 17 A,1091 LV Amsterdam (Transvaalbuurt),1625,50,2,Furnished
Apartment Saenredamstraat 68 A,1072 CJ Amsterdam (Oude Pijp),1950,65,3,None
Apartment Van Eeghenstraat 121 C,1071 GA Amsterdam (Museumkwartier),2800,80,3,Furnished
Apartment J.J. Cremerplein,1054 TL Amsterdam (Overtoomse Sluis),2850,96,3,Furnished
Apartment Overtoom 435 II,1054 KE Amsterdam (Overtoomse Sluis),1750,63,3,Upholstered
Apartment Wilhelminastraat 129 D,1054 WB Amsterdam (Overtoomse Sluis),2650,60,3,Upholstered
Apartment Grevelingenstraat 13 I,1078 KM Amsterdam (Scheldebuurt),1675,74,2,Upholstered
Apartment Koninginneweg 195 2,1075 CR Amsterdam (Willemspark),2850,72,3,Furnished
Apartment Singel,1012 VC Amsterdam (Burgwallen-Nieuwe Zijde),1650,60,3,Upholstered or furnished
Apartment Postjeskade 69 B,1058 DH Amsterdam (Westindische Buurt),1900,70,3,Upholstered
Apartment Montelbaanstraat 1 II,1011 EE Amsterdam (Nieuwmarkt/Lastage),1650,46,3,Upholstered
Apartment Tweede Jan Steenstraat 56 2,1074 CP Amsterdam (Oude Pijp),2000,58,3,Upholstered or furnished
Apartment Pretoriusstraat,1092 EZ Amsterdam (Transvaalbuurt),1650,68,3,None
Apartment Wilhelminastraat 213 3,1054 WG Amsterdam (Overtoomse Sluis),1950,60,3,Furnished
Apartment Derde Helmersstraat 15 H,1054 AZ Amsterdam (Helmersbuurt),3850,125,4,Furnished
Apartment Kostverlorenstraat,1052 GS Amsterdam (Frederik Hendrikbuurt),2750,98,4,Furnished
Apartment Kea Boumanstraat 148 C,1095 MA Amsterdam (Zeeburgereiland/Nieuwe Diep),2300,120,3,Upholstered
Apartment Beethovenstraat 82 3,1077 JM Amsterdam (Apollobuurt),2135,100,4,Shell
Apartment Watteaustraat 20 2,1077 ZM Amsterdam (Apollobuurt),3000,120,4,Upholstered
Apartment Van Kinsbergenstraat,1057 PT Amsterdam (Chassébuurt),1850,73,3,Furnished
Apartment Blauwburgwal,1015 AT Amsterdam (Grachtengordel-West),1500,48,2,Furnished
Apartment Pieter Oosterhuisstraat,1087 HT Amsterdam (IJburg Zuid),1950,93,3,Furnished
Apartment Prins Hendrikkade,1011 AH Amsterdam (Nieuwmarkt/Lastage),1350,35,1,None
Apartment Banne Buikslootlaan 117 E,1034 AC Amsterdam (Banne Buiksloot),1750,60,2,Furnished
Apartment Prins Hendriklaan 12 B,1075 BB Amsterdam (Willemspark),2500,90,2,Upholstered
Apartment Gustav Mahlerlaan 543 E,1082 MK Amsterdam (Zuidas),2350,67,2,Furnished
Apartment Gerard Doustraat 1 B2,1072 VG Amsterdam (Oude Pijp),1795,60,2,Furnished
Apartment Ferdinand Bolstraat 426,1072 ME Amsterdam (Nieuwe Pijp),2495,100,5,Upholstered or furnished
Apartment Keizersgracht 211 2,1016 DT Amsterdam (Grachtengordel-West),2500,70,2,Furnished
Apartment Nieuwezijds Voorburgwal,1012 RT Amsterdam (Burgwallen-Nieuwe Zijde),5000,180,4,Furnished
Apartment Frederiksplein 40 B,1017 XN Amsterdam (De Weteringschans),3400,125,3,Upholstered
Apartment Dintelstraat 61,1078 VR Amsterdam (Scheldebuurt),2100,78,3,Furnished
Apartment Galjootstraat 144,1086 VE Amsterdam (IJburg West),1800,78,3,Furnished
Apartment Burmanstraat 45,1091 SH Amsterdam (Weesperzijde),1650,47,2,Upholstered
Apartment Nicolaas Witsenstraat 3 1,1017 ZE Amsterdam (De Weteringschans),2450,59,3,Shell
Apartment Haparandaweg 774,1013 BD Amsterdam (Houthavens),2600,105,3,Furnished
Apartment Eerste Helmersstraat 35 2,1054 CZ Amsterdam (Helmersbuurt),1795,58,3,Furnished
Apartment Van Breestraat,1071 ZG Amsterdam (Museumkwartier),2350,70,3,None
Apartment Emmalaan 19 B,1075 AT Amsterdam (Willemspark),2950,90,3,None
Apartment Assendelftstraat 59,1013 SN Amsterdam (Spaarndammer- en Zeeheldenbuurt),1850,80,4,Furnished
House Henriëtte Bosmansstraat 38,1077 XJ Amsterdam (Prinses Irenebuurt e.o.),7500,220,7,Upholstered
Apartment Hondecoeterstraat,1071 LP Amsterdam (Museumkwartier),7000,172,5,Furnished
Apartment Van Spilbergenstraat,1057 RN Amsterdam (Hoofdweg e.o.),1635,50,3,None
Apartment Van Eeghenstraat 151 1,1071 GB Amsterdam (Museumkwartier),3150,120,4,Upholstered
Apartment Rondeel 40,1083 ME Amsterdam (Buitenveldert-Oost),1900,100,3,Furnished
Apartment Pieter Nieuwlandstraat 28 A,1093 XR Amsterdam (Dapperbuurt),1950,65,3,Furnished
Apartment Keizersgracht 153 I,1015 CL Amsterdam (Grachtengordel-West),2350,80,2,Furnished
Apartment Harry Koningsbergerstraat 192,1063 AH Amsterdam (Slotermeer-Noordoost),1625,48,2,Furnished
Apartment Waterkeringweg,1051 NZ Amsterdam (Centrale Markt),2150,75,3,None
Apartment Hoofdweg 40 2,1058 BD Amsterdam (Westindische Buurt),1850,70,2,None
Apartment Silodam,1013 AS Amsterdam (Houthavens),2250,82,3,Furnished
Apartment Haarlemmerweg,1051 NV Amsterdam (Centrale Markt),2500,119,4,Upholstered
Apartment Amstelveenseweg 198 I,1075 XS Amsterdam (Schinkelbuurt),2450,75,3,Upholstered
Apartment Beethovenstraat 143 III,1077 JC Amsterdam (Prinses Irenebuurt e.o.),1850,75,3,Upholstered
Apartment Beulingstraat 4 A,1017 BA Amsterdam (Grachtengordel-Zuid),1975,80,2,Furnished
Apartment Brouwersgracht,1013 HG Amsterdam (Haarlemmerbuurt),3000,112,2,Upholstered
Apartment Karperweg 9 II,1075 LA Amsterdam (Schinkelbuurt),2500,81,2,Upholstered or furnished
Apartment Willemsparkweg 190 H,1071 HV Amsterdam (Museumkwartier),7000,262,7,Furnished
House Amstelbeststraat 4,1096 GD Amsterdam (Omval/Overamstel),8750,324,7,Furnished
Apartment Admiraal De Ruijterweg 43 2,1057 JV Amsterdam (Chassébuurt),2750,130,3,Upholstered
Apartment Keizersgracht,1017 EH Amsterdam (Grachtengordel-Zuid),3400,110,3,Upholstered
