Apartment,RT,5000,180,4,Furnished
Apartment,XN,3400,125,3,Upholstered
Apartment,MT,3000,126,3,Upholstered
Apartment,BS,3450,150,4,Furnished
Apartment,CR,1500,50,2,Furnished
Apartment,AB,1450,59,3,Upholstered
Apartment,AB,1425,53,3,Upholstered
Apartment,AB,1450,59,3,Upholstered
Apartment,AB,1450,59,3,Upholstered
Apartment,AB,1420,52,3,Upholstered
Apartment,TS,1350,60,2,Upholstered
Apartment,GD,1700,86,4,None
Apartment,XC,2150,72,3,Furnished
Apartment,GS,2200,69,2,Upholstered
Apartment,VM,1400,60,2,Furnished
Apartment,PX,1600,40,2,Furnished
Apartment,KV,3100,120,4,Upholstered
Apartment,GD,1950,60,3,Furnished
Studio,BM,950,39,1,Upholstered
Apartment,VL,4200,148,4,Furnished
Apartment,VR,1800,77,3,Furnished
Apartment,ST,2395,80,3,Furnished
Apartment,RE,1550,45,2,Furnished
Apartment,EA,1450,61,2,Furnished
Apartment,AG,2750,103,4,Furnished
Apartment,LP,2850,153,4,Furnished
Apartment,KX,1800,51,3,Furnished
Apartment,TZ,2250,81,3,Upholstered or furnished
Apartment,PW,2725,72,4,None
Apartment,DL,1750,59,3,Furnished
Apartment,BG,1500,65,3,Furnished
Apartment,MV,1775,68,3,Upholstered
Apartment,XN,3400,125,3,Upholstered
Apartment,RT,5000,180,4,Furnished
Apartment,RA,1650,50,3,Upholstered
House,WV,2500,75,3,Upholstered or furnished
Apartment,ER,1600,50,2,Furnished
Apartment,TD,2450,80,3,Furnished
Apartment,VW,2000,75,3,Furnished
Apartment,VB,2500,106,4,Furnished
Apartment,RW,2500,113,4,None
Apartment,DZ,2750,130,4,None
Apartment,MD,1500,30,2,Furnished
House,LB,12500,355,10,Furnished
Apartment,DB,1950,80,3,Furnished
Apartment,HK,1700,58,3,None
Apartment,DT,2250,70,2,Furnished
Apartment,BX,1950,83,3,Upholstered
Apartment,MB,1450,65,2,Upholstered or furnished
Apartment,NA,1750,55,3,Furnished
Apartment,SE,1725,50,3,Furnished
Apartment,AN,3250,105,4,Furnished
Apartment,KV,1950,70,3,Furnished
Apartment,BK,3150,110,4,Upholstered
Apartment,PH,1495,50,2,Furnished
Apartment,MN,2450,72,3,Furnished
Apartment,KJ,2150,87,2,Furnished
Apartment,CX,1850,64,2,Upholstered
Apartment,LB,2950,120,3,Furnished
Apartment,PA,3000,110,3,Upholstered or furnished
Apartment,GD,1650,67,3,Furnished
Apartment,NE,1784,114,3,None
Apartment,DC,2650,90,5,Upholstered
Apartment,DE,2400,80,4,Upholstered
Apartment,XN,3400,125,3,Upholstered
Apartment,RT,5000,180,4,Furnished
Apartment,DS,3950,126,4,Upholstered
Apartment,GE,2100,50,3,Furnished
Apartment,WZ,2000,75,2,Upholstered or furnished
Apartment,RR,1975,57,2,Furnished
Apartment,TX,2750,78,3,Furnished
Apartment,EA,1650,100,4,None
Apartment,MD,1450,30,1,Furnished
Apartment,JB,1850,55,3,Furnished
Apartment,NA,2150,100,4,Furnished
Apartment,DB,1250,35,2,Furnished
Apartment,TD,1500,69,3,Upholstered
Apartment,GM,1850,67,3,Upholstered
Apartment,VH,1800,65,3,Furnished
Apartment,PV,1800,40,2,Furnished
Apartment,VC,3250,120,3,Furnished
Apartment,HB,3500,100,2,Furnished
Apartment,RV,1850,60,2,Furnished
Apartment,PD,3000,100,3,Furnished
Apartment,TX,2300,65,2,Furnished
Apartment,JJ,1950,67,2,None
Apartment,HV,3250,120,4,Upholstered
Apartment,XB,1975,51,3,Upholstered
Apartment,VZ,1850,84,3,Furnished
Apartment,PC,1600,75,3,Furnished
Apartment,HW,1700,78,3,Furnished
Apartment,CE,1850,50,2,Upholstered
Apartment,GN,5750,185,6,Upholstered
House,JH,2350,148,4,Furnished
Apartment,TW,1750,59,3,None
Apartment,GC,1350,48,2,Furnished
Apartment,XN,3400,125,3,Upholstered
Apartment,RT,5000,180,4,Furnished
Apartment,RL,2100,60,3,Upholstered
Apartment,SC,1800,87,3,Furnished
Apartment,PE,2500,125,4,Upholstered or furnished
Apartment,MJ,3000,140,4,Upholstered or furnished
Apartment,EH,4600,127,5,Upholstered
Apartment,JZ,1850,52,3,Upholstered
House,PP,2500,150,5,Furnished
Apartment,MT,1688,75,3,Upholstered
Apartment,CS,2600,137,5,Upholstered
Apartment,HL,5900,270,5,None
Apartment,JD,2100,120,4,Upholstered or furnished
Apartment,GP,4100,129,4,Upholstered
Apartment,BX,1950,62,3,Furnished
Apartment,WR,1850,55,2,Furnished
Apartment,RT,2100,60,2,Furnished
Apartment,VP,2000,68,2,Upholstered or furnished
Apartment,JH,2450,100,4,Upholstered
Apartment,EJ,2100,89,3,Upholstered
Apartment,NZ,2250,110,4,Upholstered or furnished
Apartment,TE,2250,78,3,Upholstered
Apartment,GG,2000,70,3,Furnished
Apartment,DR,2150,75,3,Furnished
Apartment,DA,2600,92,5,Upholstered
Apartment,TZ,1750,50,2,Upholstered
House,WP,2250,80,3,Furnished
Apartment,BG,2650,100,4,Furnished
Apartment,BG,3500,133,5,Upholstered or furnished
Apartment,SZ,2200,95,3,Upholstered
Apartment,HT,3950,120,4,Furnished
Apartment,AB,1650,90,3,None
Apartment,XN,3400,125,3,Upholstered
Apartment,RT,5000,180,4,Furnished
Apartment,HE,2995,135,3,Furnished
Apartment,XB,1900,75,3,Upholstered
Apartment,RN,2000,55,2,Furnished
Apartment,BG,1500,45,2,Furnished
Apartment,TR,2650,100,4,Upholstered
Apartment,LL,2950,134,4,Upholstered
Apartment,VB,1495,35,1,Furnished
Apartment,GK,3750,110,3,Furnished
Apartment,ER,2025,66,3,Upholstered
Apartment,TD,1400,46,2,Furnished
Apartment,LE,1875,65,2,Upholstered or furnished
House,KE,5000,138,6,Furnished
Apartment,SX,2250,98,4,Furnished
Apartment,MM,4750,207,5,Upholstered
Apartment,AD,2750,75,3,Furnished
Apartment,ZH,2495,65,3,Furnished
Apartment,KT,3200,110,4,Upholstered
Apartment,SL,1900,59,2,Upholstered
Apartment,RZ,1975,71,3,None
Apartment,HM,3250,70,3,None
Apartment,DR,3000,130,2,Furnished
Apartment,DR,1900,85,2,Upholstered
Apartment,NB,2350,70,3,Furnished
Apartment,GA,3500,140,3,Furnished
Apartment,GS,1500,41,1,Upholstered
Apartment,SB,1495,51,1,Furnished
Apartment,RA,1550,40,2,Furnished
Apartment,XZ,1695,91,3,Upholstered
Apartment,EW,2200,90,2,Furnished
Apartment,NL,4950,170,6,Upholstered
Apartment,XN,3400,125,3,Upholstered
Apartment,RT,5000,180,4,Furnished
Apartment,TV,1900,65,3,Upholstered
Apartment,HG,2200,87,3,None
Apartment,KC,4000,165,5,Furnished
Apartment,AN,1700,85,3,Furnished
Apartment,BZ,2950,105,4,Upholstered
Apartment,VP,1600,51,2,Upholstered or furnished
Apartment,KE,1900,70,2,Upholstered
Apartment,DZ,2500,85,3,Furnished
Apartment,BN,1450,75,2,Furnished
Apartment,KL,3250,109,5,Upholstered
Apartment,BX,2500,115,3,Upholstered or furnished
Apartment,HS,1450,51,3,Upholstered
Apartment,XB,1825,55,2,Upholstered
Apartment,AS,2250,83,2,Furnished
Apartment,BE,2325,117,3,Upholstered
Apartment,MG,1800,75,3,Furnished
Apartment,PG,6000,131,3,Upholstered or furnished
Apartment,EH,2450,55,3,Furnished
Apartment,KA,2450,104,4,None
Apartment,BS,1695,129,3,Upholstered
Apartment,HV,1850,110,3,Furnished
Apartment,JV,2750,120,4,Furnished
Apartment,XA,2500,90,3,Furnished
Apartment,RN,2100,75,2,Upholstered
Apartment,HW,2400,117,3,Furnished
Apartment,NC,2575,115,3,Furnished
Apartment,KE,1250,53,2,Furnished
Apartment,DE,3500,93,3,Upholstered
House,KD,4500,200,10,Upholstered or furnished
Apartment,HR,1350,54,2,Furnished
Apartment,XN,3400,125,3,Upholstered
Apartment,RT,5000,180,4,Furnished
Apartment,HG,2300,80,3,Furnished
Apartment,SX,1600,49,2,Furnished
Apartment,DR,1700,88,3,Upholstered or furnished
Apartment,XH,1500,59,3,Upholstered
Apartment,KS,1795,60,3,Furnished
Apartment,VT,2100,63,2,Furnished
Apartment,RH,3250,118,3,Furnished
Apartment,AS,2250,100,4,Upholstered
Apartment,XS,1950,57,3,Upholstered
Apartment,BD,2550,104,4,Upholstered
Apartment,EC,1650,62,3,Furnished
Apartment,TH,2650,59,3,Upholstered
Apartment,HD,1750,70,2,Furnished
Apartment,JG,1550,57,2,Furnished
Apartment,ER,2750,105,5,Upholstered
Apartment,PH,2000,140,3,Furnished
Apartment,BT,2675,110,3,Furnished
Apartment,CS,8500,225,7,Upholstered
Apartment,BH,2350,75,2,Furnished
Apartment,NH,3250,145,4,Furnished
Apartment,KH,2350,85,4,Upholstered
Apartment,BH,2600,81,3,Upholstered or furnished
Apartment,PL,2350,86,2,Furnished
Apartment,NC,2950,94,3,Furnished
Apartment,ME,1950,65,2,Furnished
Apartment,AH,1500,45,2,Furnished
Apartment,AL,2950,140,2,Furnished
Apartment,BP,4850,150,4,None
Apartment,GJ,1845,65,3,Upholstered
Apartment,AX,2700,140,4,Furnished
Apartment,XN,3400,125,3,Upholstered
Apartment,RT,5000,180,4,Furnished
Apartment,CS,2400,106,3,Furnished
Apartment,TS,1950,61,3,Upholstered
Apartment,XB,1900,80,3,Furnished
Apartment,EA,2100,85,3,Upholstered
Apartment,JV,2750,137,4,Upholstered
Apartment,AN,1400,55,2,Furnished
Studio,XP,1550,40,1,Shell
Apartment,SP,2100,45,2,Upholstered or furnished
Apartment,MT,2750,95,3,Furnished
Apartment,BJ,6500,240,7,Upholstered
House,LR,5250,146,5,Furnished
Apartment,KK,7500,207,3,Upholstered
Apartment,AK,2550,89,2,Upholstered
Apartment,KG,1950,70,2,Upholstered
Apartment,GW,2100,60,3,Upholstered
Apartment,HR,2000,100,3,Furnished
Apartment,NE,1850,75,2,Furnished
Apartment,GA,2350,120,4,Upholstered
Apartment,GP,2500,105,5,Furnished
Apartment,TA,2100,75,3,Furnished
Apartment,LX,1650,50,2,Furnished
Studio,DM,1450,60,2,Upholstered
Apartment,DT,3500,100,3,Furnished
Apartment,ZS,2100,85,3,Upholstered or furnished
Apartment,EL,2800,85,3,Furnished
Apartment,TB,2795,101,3,Furnished
Apartment,TZ,2035,73,3,None
Apartment,HS,2100,95,3,Furnished
Apartment,JR,1850,85,3,Furnished
Apartment,NN,2250,110,4,Upholstered or furnished
Apartment,XN,3400,125,3,Upholstered
Apartment,RT,5000,180,4,Furnished
Apartment,GR,2500,115,4,Furnished
Apartment,VW,2800,69,3,Upholstered or furnished
Apartment,GS,1500,40,1,Upholstered
Apartment,NA,2750,95,3,Upholstered or furnished
Apartment,BP,3500,125,4,Upholstered
Apartment,KP,3750,124,4,Furnished
House,LK,8000,268,12,Upholstered or furnished
House,DE,4000,220,5,Furnished
Apartment,EH,1650,59,2,Furnished
Apartment,SM,1600,90,4,Upholstered
House,NK,2250,90,3,Furnished
Apartment,KE,2450,91,3,Upholstered
Apartment,JJ,2100,95,4,Furnished
Apartment,JK,1295,30,2,None
Apartment,ZP,1625,44,2,Upholstered
Apartment,XR,3000,116,4,Upholstered
Apartment,BC,2700,102,4,Furnished
Apartment,ME,2500,110,3,None
Apartment,CN,3750,200,5,Upholstered
Apartment,KH,1275,47,2,Upholstered
Apartment,AD,2000,84,3,Upholstered or furnished
Apartment,ET,2200,53,3,Upholstered
Apartment,NC,2250,75,2,Furnished
Apartment,BK,2450,75,3,Furnished
Apartment,GC,5500,210,5,Upholstered
Apartment,BE,4750,200,6,Upholstered
House,ZA,1950,108,4,Furnished
Apartment,NC,2450,110,2,Furnished
House,RC,2995,106,5,Furnished
Apartment,CW,1650,75,2,Furnished
Apartment,RT,5000,180,4,Furnished
Apartment,XN,3400,125,3,Upholstered
Apartment,HW,2750,80,3,Furnished
Apartment,GD,2350,100,3,Upholstered or furnished
Studio,LM,1675,35,2,Furnished
Apartment,MN,2500,105,3,Furnished
Apartment,HZ,2700,104,4,None
Apartment,HN,2350,95,3,Furnished
House,HA,4500,200,6,None
Apartment,HE,2100,100,4,Upholstered
Apartment,ML,2450,137,4,Furnished
Apartment,VS,1400,40,2,Upholstered
Apartment,XR,2150,75,2,Furnished
House,TE,1750,30,2,Upholstered or furnished
Apartment,BH,2250,146,3,None
Apartment,SX,1800,63,3,None
Apartment,VN,2550,80,3,Furnished
Apartment,JH,2450,87,1,Upholstered
Apartment,DJ,1900,60,3,Upholstered
Apartment,ES,2950,125,4,Furnished
Apartment,LH,2000,70,2,Furnished
Apartment,MA,1850,90,3,Upholstered or furnished
Apartment,MG,5750,140,4,Upholstered or furnished
Apartment,WH,3700,95,3,Furnished
Apartment,XE,2000,120,5,None
Apartment,PH,1600,70,3,None
Apartment,ED,2500,63,2,Furnished
Apartment,BX,1600,46,2,Upholstered or furnished
Apartment,AH,3750,150,5,Upholstered
Apartment,SZ,1850,65,3,Furnished
Apartment,DN,2500,135,3,Furnished
Apartment,XZ,2850,76,3,Upholstered or furnished
Apartment,XN,3400,125,3,Upholstered
Apartment,RT,5000,180,4,Furnished
Apartment,LM,1975,100,3,Furnished
Apartment,WK,2800,78,4,Upholstered or furnished
Apartment,HE,2750,101,3,Upholstered
Apartment,GA,1800,72,3,Furnished
House,MT,2500,137,4,Furnished
Apartment,ZS,4500,122,7,Upholstered
Apartment,HH,2250,85,3,Furnished
Apartment,AS,1500,63,3,None
Apartment,HC,2150,73,3,Furnished
Apartment,KJ,2950,85,3,Furnished
Apartment,KE,1650,40,2,Furnished
Apartment,CG,1800,55,2,Furnished
Apartment,NS,2250,85,4,Upholstered
Apartment,TH,1900,65,3,Furnished
Apartment,XV,2500,80,2,Upholstered or furnished
Apartment,BV,2950,122,3,None
Apartment,KG,4950,131,5,None
Apartment,WN,2500,96,3,Furnished
Apartment,NM,1850,75,3,None
Apartment,CX,2500,130,4,Furnished
Apartment,DX,2000,75,2,None
Apartment,BA,2150,70,2,Upholstered or furnished
Apartment,PP,2500,110,4,Furnished
Apartment,SW,1700,55,2,Furnished
House,JH,2200,150,4,Furnished
Apartment,KH,1700,90,2,Furnished
Apartment,JP,2250,100,4,Furnished
Apartment,BV,2650,83,4,None
Apartment,BV,2650,82,3,None
Apartment,HH,2250,85,3,Furnished
Apartment,RT,5000,180,4,Furnished
Apartment,XN,3400,125,3,Upholstered
Apartment,HN,2250,65,2,Furnished
Apartment,BT,3350,120,6,Shell
Apartment,GW,3750,135,4,Furnished
Apartment,ZL,1575,62,2,Furnished
Apartment,CX,2300,108,4,Furnished
Apartment,DA,2500,131,4,Upholstered
Apartment,KP,1700,80,3,Upholstered
Apartment,RE,2150,70,3,Furnished
Apartment,DB,2150,80,3,Furnished
Apartment,HD,2650,87,3,Furnished
Apartment,GT,2895,170,4,Furnished
Apartment,AE,2650,125,3,None
Apartment,MD,1899,105,5,Upholstered
Apartment,VG,1750,69,3,None
Apartment,GW,3950,180,6,Upholstered
Apartment,NE,2237,133,3,Shell
House,AX,2500,120,3,Furnished
Apartment,RM,1999,76,3,Furnished
Apartment,PG,1694,89,2,Upholstered
Apartment,PG,1568,64,2,Upholstered
Apartment,PG,1265,63,2,Upholstered
Apartment,PG,1487,71,2,Upholstered
Apartment,LG,2750,88,4,Furnished
Apartment,JT,2300,58,3,Furnished
House,CZ,2350,80,3,Upholstered or furnished
Apartment,HH,1695,50,2,Furnished
Apartment,LK,2150,104,3,Furnished
Apartment,TP,1900,80,4,Furnished
House,MS,2350,133,4,Furnished
Apartment,ZL,1950,87,3,Upholstered
Apartment,XN,3400,125,3,Upholstered
Apartment,RT,5000,180,4,Furnished
Apartment,GE,2500,86,4,Furnished
Room,TD,690,50,2,Furnished
Apartment,MB,1499,63,3,Upholstered or furnished
Apartment,AX,3000,105,3,Furnished
Apartment,TD,2500,117,4,Furnished
Apartment,ER,1600,85,3,Upholstered
Apartment,CD,5650,125,3,Furnished
Apartment,TM,1725,58,2,Furnished
Apartment,XL,3250,62,3,None
House,GE,9250,388,7,Upholstered or furnished
Apartment,JJ,1995,80,3,Upholstered
Apartment,TR,3250,115,4,Furnished
House,CP,2150,65,2,Furnished
Apartment,DE,3650,147,4,Upholstered
Apartment,EG,2200,75,4,Upholstered
Apartment,LM,3400,94,5,Upholstered
Apartment,GD,2700,130,4,None
Apartment,TH,2150,75,2,None
Apartment,HA,2750,112,3,Furnished
Apartment,ZK,2500,115,4,Upholstered
Apartment,RW,3450,142,4,None
Apartment,ST,1550,50,2,Furnished
House,MJ,3000,175,6,Furnished
House,BJ,1600,46,3,Upholstered
Apartment,KR,2250,95,3,Upholstered
Apartment,TT,1900,70,3,Upholstered
Apartment,KE,1850,67,2,Upholstered
Apartment,RE,1600,45,2,Furnished
Apartment,NE,1700,81,3,Upholstered
Apartment,NB,1850,60,3,Furnished
Apartment,XN,3400,125,3,Upholstered
Apartment,RT,5000,180,4,Furnished
Apartment,RD,3250,115,3,Upholstered
Apartment,PK,1750,70,3,Furnished
Apartment,AK,1750,65,2,Upholstered
Apartment,AK,1915,115,4,Upholstered
Apartment,RC,1485,50,2,Upholstered
Apartment,TP,2950,110,3,Furnished
Apartment,LC,2750,86,3,Furnished
Apartment,JA,2300,100,3,Furnished
Apartment,HT,2350,112,3,Upholstered
Apartment,CP,1749,75,3,Furnished
Apartment,SN,2200,87,4,Furnished
Apartment,HX,1550,62,3,None
House,CK,4500,234,5,Upholstered
Apartment,HW,2400,83,4,Upholstered
Apartment,KM,1450,85,3,Shell
Room,TT,701,9,1,Furnished
Apartment,HX,1900,90,1,Furnished
Apartment,JW,2800,140,6,Upholstered
Apartment,PZ,1695,50,3,Upholstered
Apartment,VC,6500,150,6,Furnished
Apartment,GM,4350,204,3,Upholstered
Apartment,MS,5000,175,4,None
Apartment,XK,1600,40,2,Upholstered
Apartment,AK,1795,80,3,Upholstered
Apartment,LG,7000,203,7,Furnished
Apartment,JS,1695,80,4,Furnished
Apartment,NZ,2450,71,4,Upholstered or furnished
Apartment,JW,2250,85,3,Upholstered
Apartment,NA,2750,100,5,Furnished
Apartment,TN,1750,60,3,Upholstered
Apartment,XN,3400,125,3,Upholstered
Apartment,RT,5000,180,4,Furnished
Apartment,ER,4500,145,4,Upholstered or furnished
Apartment,XN,3400,125,3,Upholstered
Apartment,AL,1650,58,2,None
Apartment,SJ,1950,50,2,Furnished
Apartment,LA,2850,120,4,Furnished
Apartment,LD,2850,120,3,Furnished
Apartment,BS,1750,60,3,Upholstered
Apartment,MP,3250,139,5,Furnished
Apartment,ML,2450,110,4,Upholstered
Apartment,EZ,3150,124,5,Furnished
Apartment,AK,2750,123,5,Upholstered
House,BC,4200,148,5,None
Apartment,XB,1950,75,3,Upholstered
Apartment,TB,3000,116,4,None
Apartment,HD,1683,64,3,None
Apartment,HD,1672,69,3,None
Apartment,HD,1672,69,3,None
Apartment,HD,1672,69,3,None
House,PK,3500,145,5,Upholstered
Apartment,MH,2250,95,3,Upholstered or furnished
Apartment,HC,2500,92,3,Upholstered or furnished
Apartment,GV,2000,71,3,Upholstered
Apartment,XA,2050,90,3,Upholstered
Apartment,KB,2750,106,4,Furnished
House,EN,1900,88,4,Upholstered
Apartment,XV,3500,98,3,Furnished
Apartment,ZA,1500,60,1,None
Studio,BA,1350,30,1,Furnished
Apartment,KH,1215,40,2,Upholstered
Apartment,XA,2650,128,5,Upholstered
Apartment,RT,5000,180,4,Furnished
Apartment,XN,3400,125,3,Upholstered
Apartment,BD,1200,42,1,None
Apartment,EL,2300,90,3,Upholstered
Apartment,GP,1650,50,2,Furnished
Apartment,HH,1800,85,3,Upholstered
Apartment,CC,1800,50,2,Upholstered
Apartment,SM,1750,90,4,None
Apartment,HX,2000,70,2,Furnished
House,WJ,2050,69,2,Upholstered
House,LK,3000,150,7,Upholstered
Apartment,MR,3250,130,3,Furnished
Apartment,GX,3250,92,3,None
Apartment,KG,1640,84,3,None
Studio,LM,1700,40,1,Furnished
Apartment,BB,2950,131,5,None
Apartment,GK,2150,70,4,Upholstered
Apartment,DM,2000,90,2,Upholstered
House,EC,13000,450,12,Upholstered
Apartment,MS,1750,60,2,Upholstered
Apartment,GS,2650,70,3,Furnished
Apartment,AR,1400,70,2,Furnished
Apartment,SX,2950,90,3,Furnished
Apartment,KR,3500,146,4,Furnished
Apartment,KE,4150,156,3,Furnished
Apartment,LZ,2200,110,4,Furnished
Apartment,EB,2999,80,2,Furnished
House,LS,2349,85,4,Furnished
Apartment,BM,3000,97,3,Upholstered or furnished
Apartment,PK,4500,140,4,Upholstered
Apartment,SC,1750,103,3,None
Apartment,ST,1800,100,4,Upholstered
Apartment,RT,5000,180,4,Furnished
Apartment,XN,3400,125,3,Upholstered
Apartment,PL,3600,120,4,None
Apartment,VX,7500,178,2,Upholstered or furnished
Apartment,WW,2550,90,3,Upholstered
Apartment,TH,2450,75,3,Furnished
Apartment,PB,3500,135,4,Upholstered or furnished
Apartment,DA,2350,80,4,Furnished
Apartment,AX,2600,125,2,Upholstered
Apartment,HX,1550,69,3,None
Apartment,HX,1747,90,2,None
House,BM,3500,180,6,Furnished
Apartment,EM,2200,62,3,None
Apartment,WR,1680,65,2,Upholstered
Apartment,KE,1300,93,3,None
Apartment,BS,3200,150,4,Upholstered
Apartment,KZ,1850,80,3,None
House,JN,2150,57,3,Upholstered
Apartment,VA,1480,90,2,None
Apartment,VA,960,41,1,None
Apartment,VA,920,38,1,None
Apartment,AV,1865,58,3,Furnished
House,RZ,2395,145,6,Upholstered or furnished
Apartment,CV,2700,110,4,Upholstered
Apartment,DV,3100,125,5,Furnished
Apartment,KZ,1850,84,3,None
Studio,EG,1500,37,1,Furnished
House,LB,2450,80,3,Upholstered
Apartment,AD,2550,139,3,None
House,PW,5500,125,4,Upholstered or furnished
Apartment,EN,2950,120,4,Furnished
Apartment,EJ,9750,300,5,Upholstered or furnished
Apartment,XN,3400,125,3,Upholstered
Apartment,RT,5000,180,4,Furnished
Apartment,JG,3400,88,5,Upholstered or furnished
Apartment,PE,1200,25,2,Furnished
Apartment,AB,3000,90,4,Upholstered
Apartment,TS,2000,100,2,Furnished
Apartment,LJ,2475,86,3,None
Apartment,XK,650,10,2,Upholstered or furnished
Apartment,AS,2400,85,3,Upholstered
Apartment,ZL,3000,110,4,Upholstered
Apartment,XX,1305,61,1,None
Apartment,BJ,1950,105,2,Upholstered
Apartment,LS,2850,130,5,Furnished
Apartment,GS,1650,60,2,Upholstered
Apartment,VB,1800,88,3,Furnished
Apartment,BL,1950,72,3,Upholstered
Apartment,AP,4500,100,3,Upholstered
Apartment,EB,2000,93,4,Furnished
Apartment,WR,1750,70,4,Furnished
Apartment,WP,2050,90,4,Upholstered
Apartment,XX,1865,98,3,None
Apartment,XX,1720,95,3,None
Studio,GR,3250,40,1,Furnished
Apartment,XZ,1915,95,4,None
Apartment,SZ,2450,120,3,Furnished
Apartment,HX,1446,62,3,None
Apartment,AA,4500,155,4,Upholstered or furnished
Apartment,RR,2100,72,3,Upholstered or furnished
Apartment,PH,2500,110,4,Furnished
Apartment,AR,1260,42,2,Upholstered
Apartment,RN,1760,92,3,Upholstered
Apartment,AA,4500,50,2,Furnished
Apartment,XN,3400,125,3,Upholstered
Apartment,RT,5000,180,4,Furnished
Apartment,DM,2295,115,2,Furnished
House,DA,1200,70,2,Upholstered
House,DH,3950,118,4,Upholstered
Apartment,AK,1400,65,2,Shell
Studio,ZN,1200,35,1,Furnished
Apartment,NV,1376,85,4,None
Apartment,PC,1376,85,4,None
Apartment,NZ,1452,105,5,None
Apartment,PC,1376,85,4,None
Apartment,RR,"",44,2,Upholstered
Room,HE,660,15,1,Upholstered or furnished
Apartment,HX,2154,106,3,None
Apartment,HX,1773,74,3,None
Apartment,HX,1540,69,3,None
Apartment,HX,1447,63,3,None
Apartment,HX,1367,62,3,None
Apartment,HX,1205,47,3,None
Apartment,HX,1138,48,2,None
Apartment,HX,1035,45,2,None
Apartment,EJ,3950,130,3,Upholstered or furnished
Apartment,AC,2650,107,4,Upholstered
Apartment,AR,1510,55,3,Upholstered
Apartment,CS,3000,53,2,Furnished
Apartment,KE,2250,115,3,Furnished
Apartment,CK,3475,153,5,Furnished
Apartment,RW,2175,46,2,None
Apartment,RW,2175,46,2,None
Apartment,LZ,1950,51,2,None
Studio,AC,673,30,1,Upholstered
Apartment,GV,3950,100,3,Upholstered or furnished
Apartment,RT,5000,180,4,Furnished
Apartment,XN,3400,125,3,Upholstered
Apartment,GG,4500,127,3,Furnished
Apartment,AR,1500,35,1,None
Apartment,VW,2700,74,2,Upholstered
Apartment,JR,2750,130,4,Upholstered or furnished
Apartment,JR,2450,130,3,Upholstered or furnished
Apartment,KD,7500,195,4,None
Apartment,LZ,2400,74,2,None
Apartment,PG,2654,129,4,Upholstered
Apartment,BS,1750,56,2,None
Apartment,SW,2350,65,2,Furnished
House,BX,4950,240,10,None
Apartment,GM,2950,120,3,Furnished
Apartment,JS,5500,262,3,Furnished
Apartment,RT,5000,180,4,Furnished
Apartment,BA,3300,120,3,None
Apartment,KK,345,13,1,Upholstered
Apartment,KK,440,20,1,Upholstered
Apartment,AH,440,18,1,Furnished
Apartment,AD,2800,80,3,Upholstered
Apartment,SP,2650,95,4,Upholstered or furnished
Apartment,SR,2500,100,4,Furnished
Apartment,ES,6450,210,6,Upholstered
Apartment,RV,2150,114,3,Upholstered
Apartment,XL,1950,82,2,Furnished
Apartment,ST,2700,120,3,Upholstered or furnished
Apartment,MB,2500,105,5,Upholstered
Apartment,DA,2200,132,5,Upholstered
Studio,BL,655,30,1,Upholstered
Apartment,PW,2150,100,4,Furnished
Apartment,EE,1550,40,1,Furnished
Apartment,RT,5000,180,4,Furnished
Apartment,XN,3400,125,3,Upholstered
Apartment,KS,2050,90,3,Furnished
Apartment,MM,2550,55,2,Upholstered or furnished
Apartment,XL,2150,70,3,Upholstered or furnished
Apartment,KS,2150,105,4,Furnished
Apartment,KS,1850,90,3,Furnished
Apartment,NK,2250,115,4,Upholstered
Apartment,HB,1850,75,4,None
Apartment,LD,1450,53,2,None
Apartment,MT,1850,45,2,Upholstered
Apartment,RN,1725,50,3,None
Apartment,RE,1600,62,3,None
Apartment,MX,1750,50,2,None
Apartment,TK,1750,55,3,Upholstered or furnished
Apartment,KX,2450,80,3,Furnished
Apartment,LA,2350,70,3,Furnished
Apartment,LB,5000,185,4,Upholstered
Apartment,EP,1700,73,2,Furnished
Apartment,GD,1950,60,3,Furnished
Apartment,CD,1950,51,2,Upholstered or furnished
House,ED,1900,70,3,Furnished
House,NA,6500,309,7,None
Apartment,KL,1375,35,2,None
Apartment,PW,1550,46,2,Furnished
Apartment,AA,2250,97,3,Upholstered
Apartment,AK,2850,125,4,None
Apartment,DS,1500,70,3,Furnished
Apartment,LT,1875,92,4,None
Apartment,MK,2250,80,3,Furnished
Apartment,LE,1500,50,2,None
Apartment,TV,3250,108,4,Upholstered
Apartment,XN,3400,125,3,Upholstered
Apartment,RT,5000,180,4,Furnished
Apartment,XL,1750,60,2,Furnished
Apartment,LV,1625,50,2,Furnished
Apartment,CJ,1950,65,3,None
Apartment,GA,2800,80,3,Furnished
Apartment,TL,2850,96,3,Furnished
Apartment,KE,1750,63,3,Upholstered
Apartment,WB,2650,60,3,Upholstered
Apartment,KM,1675,74,2,Upholstered
Apartment,CR,2850,72,3,Furnished
Apartment,VC,1650,60,3,Upholstered or furnished
Apartment,DH,1900,70,3,Upholstered
Apartment,EE,1650,46,3,Upholstered
Apartment,CP,2000,58,3,Upholstered or furnished
Apartment,EZ,1650,68,3,None
Apartment,WG,1950,60,3,Furnished
Apartment,AZ,3850,125,4,Furnished
Apartment,GS,2750,98,4,Furnished
Apartment,MA,2300,120,3,Upholstered
Apartment,JM,2135,100,4,Shell
Apartment,ZM,3000,120,4,Upholstered
Apartment,PT,1850,73,3,Furnished
Apartment,AT,1500,48,2,Furnished
Apartment,HT,1950,93,3,Furnished
Apartment,AH,1350,35,1,None
Apartment,AC,1750,60,2,Furnished
Apartment,BB,2500,90,2,Upholstered
Apartment,MK,2350,67,2,Furnished
Apartment,VG,1795,60,2,Furnished
Apartment,ME,2495,100,5,Upholstered or furnished
Apartment,DT,2500,70,2,Furnished
Apartment,RT,5000,180,4,Furnished
Apartment,XN,3400,125,3,Upholstered
Apartment,VR,2100,78,3,Furnished
Apartment,VE,1800,78,3,Furnished
Apartment,SH,1650,47,2,Upholstered
Apartment,ZE,2450,59,3,Shell
Apartment,BD,2600,105,3,Furnished
Apartment,CZ,1795,58,3,Furnished
Apartment,ZG,2350,70,3,None
Apartment,AT,2950,90,3,None
Apartment,SN,1850,80,4,Furnished
House,XJ,7500,220,7,Upholstered
Apartment,LP,7000,172,5,Furnished
Apartment,RN,1635,50,3,None
Apartment,GB,3150,120,4,Upholstered
Apartment,ME,1900,100,3,Furnished
Apartment,XR,1950,65,3,Furnished
Apartment,CL,2350,80,2,Furnished
Apartment,AH,1625,48,2,Furnished
Apartment,NZ,2150,75,3,None
Apartment,BD,1850,70,2,None
Apartment,AS,2250,82,3,Furnished
Apartment,NV,2500,119,4,Upholstered
Apartment,XS,2450,75,3,Upholstered
Apartment,JC,1850,75,3,Upholstered
Apartment,BA,1975,80,2,Furnished
Apartment,HG,3000,112,2,Upholstered
Apartment,LA,2500,81,2,Upholstered or furnished
Apartment,HV,7000,262,7,Furnished
House,GD,8750,324,7,Furnished
Apartment,JV,2750,130,3,Upholstered
Apartment,EH,3400,110,3,Upholstered
